LastName,FirstName,Company,PrintBadge
Mueller,Jeanine,Comstruct,1/1/0001 12:00:00 AM
Cross,Blake,Xeronk,1/1/0001 12:00:00 AM
Floyd,Gardner,Organica,1/1/0001 12:00:00 AM
Fry,Cleveland,Emergent,1/1/0001 12:00:00 AM
Craig,Carney,Isoplex,1/1/0001 12:00:00 AM
Woodward,Sims,Orboid,1/1/0001 12:00:00 AM
Suarez,Ebony,Momentia,1/1/0001 12:00:00 AM
Stephenson,Sheppard,Utarian,1/1/0001 12:00:00 AM
Thomas,Pierce,Norsul,1/1/0001 12:00:00 AM
Gray,Vinson,Gracker,1/1/0001 12:00:00 AM
Olson,Shari,Glasstep,1/1/0001 12:00:00 AM
Madden,Davidson,Ovium,1/1/0001 12:00:00 AM
Torres,Lynne,Zenco,1/1/0001 12:00:00 AM
Dotson,Whitfield,Jetsilk,1/1/0001 12:00:00 AM
Frederick,Althea,Danja,1/1/0001 12:00:00 AM
Cote,Riley,Franscene,1/1/0001 12:00:00 AM
Owens,Matthews,Sensate,1/1/0001 12:00:00 AM
Knowles,Cathryn,Quizmo,1/1/0001 12:00:00 AM
Merritt,Marks,Keeg,1/1/0001 12:00:00 AM
Morin,Candy,Tropoli,1/1/0001 12:00:00 AM
Owen,Carey,Digigene,1/1/0001 12:00:00 AM
Watts,Harrison,Geekular,1/1/0001 12:00:00 AM
Mcintyre,Coffey,Prismatic,1/1/0001 12:00:00 AM
Maldonado,Walters,Plasto,1/1/0001 12:00:00 AM
Sosa,Mclean,Photobin,1/1/0001 12:00:00 AM
Payne,Karyn,Hydrocom,1/1/0001 12:00:00 AM
Maxwell,Yang,Viocular,1/1/0001 12:00:00 AM
Juarez,Beasley,Digirang,1/1/0001 12:00:00 AM
Lott,Potter,Aquazure,1/1/0001 12:00:00 AM
Aguilar,Carroll,Hyplex,1/1/0001 12:00:00 AM
Miranda,Tara,Zillacom,1/1/0001 12:00:00 AM
Page,Yvonne,Scenty,1/1/0001 12:00:00 AM
Rojas,May,Cujo,1/1/0001 12:00:00 AM
Hogan,Effie,Micronaut,1/1/0001 12:00:00 AM
Banks,Lane,Combot,1/1/0001 12:00:00 AM
Mccoy,Abbott,Zillactic,1/1/0001 12:00:00 AM
Mcdowell,Madge,Uberlux,1/1/0001 12:00:00 AM
Marshall,Benson,Greeker,1/1/0001 12:00:00 AM
Jefferson,Blackburn,Blanet,1/1/0001 12:00:00 AM
Prince,Shields,Viasia,1/1/0001 12:00:00 AM
Graham,Fuller,Daido,1/1/0001 12:00:00 AM
Mcclain,Lakeisha,Cowtown,1/1/0001 12:00:00 AM
Sutton,Kasey,Gushkool,1/1/0001 12:00:00 AM
Weeks,Roach,Acium,1/1/0001 12:00:00 AM
Mcguire,Gutierrez,Gronk,1/1/0001 12:00:00 AM
Perry,Byrd,Valreda,1/1/0001 12:00:00 AM
Palmer,Bright,Sultrax,1/1/0001 12:00:00 AM
Cooley,Santiago,Voratak,1/1/0001 12:00:00 AM
Santiago,Griffith,Phuel,1/1/0001 12:00:00 AM
Paul,Powell,Xylar,1/1/0001 12:00:00 AM
Stephens,Foreman,Vendblend,1/1/0001 12:00:00 AM
Middleton,Tran,Bizmatic,1/1/0001 12:00:00 AM
Randolph,Wise,Moltonic,1/1/0001 12:00:00 AM
Reid,Wade,Xleen,1/1/0001 12:00:00 AM
Cochran,Clayton,Eyeris,1/1/0001 12:00:00 AM
Parks,Whitney,Providco,1/1/0001 12:00:00 AM
Warren,Courtney,Tingles,1/1/0001 12:00:00 AM
Booth,Hopkins,Apextri,1/1/0001 12:00:00 AM
Sanchez,Hope,Senmao,1/1/0001 12:00:00 AM
Hays,Nicholson,Plutorque,1/1/0001 12:00:00 AM
Padilla,Lindsey,Tellifly,1/1/0001 12:00:00 AM
Leblanc,Sandra,Comtext,1/1/0001 12:00:00 AM
Emerson,Merrill,Musaphics,1/1/0001 12:00:00 AM
Stevens,Rush,Pawnagra,1/1/0001 12:00:00 AM
Bentley,Ofelia,Earthplex,1/1/0001 12:00:00 AM
Willis,Marian,Vicon,1/1/0001 12:00:00 AM
Gentry,Moss,Slambda,1/1/0001 12:00:00 AM
Pickett,Hart,Eventex,1/1/0001 12:00:00 AM
Hampton,Lawanda,Circum,1/1/0001 12:00:00 AM
Peck,Rollins,Geostele,1/1/0001 12:00:00 AM
Salazar,Adams,Myopium,1/1/0001 12:00:00 AM
Bishop,Pitts,Tsunamia,1/1/0001 12:00:00 AM
Holland,Ochoa,Podunk,1/1/0001 12:00:00 AM
Hines,Keri,Gynko,1/1/0001 12:00:00 AM
Lindsey,Jeanie,Applica,1/1/0001 12:00:00 AM
Munoz,Alissa,Ezent,1/1/0001 12:00:00 AM
Ryan,Rose,Cuizine,1/1/0001 12:00:00 AM
Sloan,Kim,Zillatide,1/1/0001 12:00:00 AM
Cameron,Mariana,Hairport,1/1/0001 12:00:00 AM
Vega,Jean,Silodyne,1/1/0001 12:00:00 AM
French,Sallie,Bugsall,1/1/0001 12:00:00 AM
Daugherty,Thompson,Elemantra,1/1/0001 12:00:00 AM
Greene,Long,Kangle,1/1/0001 12:00:00 AM
Dillard,Amy,Sultraxin,1/1/0001 12:00:00 AM
West,Lucile,Parcoe,1/1/0001 12:00:00 AM
Fitzpatrick,Betsy,Digitalus,1/1/0001 12:00:00 AM
Harvey,Eula,Aquamate,1/1/0001 12:00:00 AM
Hawkins,Alston,Fuelton,1/1/0001 12:00:00 AM
Douglas,Slater,Parleynet,1/1/0001 12:00:00 AM
Cash,Lloyd,Filodyne,1/1/0001 12:00:00 AM
Cabrera,Theresa,Bluplanet,1/1/0001 12:00:00 AM
Harrington,Pat,Roboid,1/1/0001 12:00:00 AM
Carver,Paige,Translink,1/1/0001 12:00:00 AM
Holman,Clements,Ziore,1/1/0001 12:00:00 AM
Peters,Salinas,Ludak,1/1/0001 12:00:00 AM
Ramos,Kristy,Calcula,1/1/0001 12:00:00 AM
Hill,Hill,Nimon,1/1/0001 12:00:00 AM
Haynes,Rowena,Playce,1/1/0001 12:00:00 AM
Stafford,Casey,Telequiet,1/1/0001 12:00:00 AM
Harding,Rebekah,Magnafone,1/1/0001 12:00:00 AM
Murray,Rocha,Sportan,1/1/0001 12:00:00 AM
Oconnor,Roslyn,Plasmox,1/1/0001 12:00:00 AM
Terrell,Cecilia,Apex,1/1/0001 12:00:00 AM
Hensley,Rochelle,Songbird,1/1/0001 12:00:00 AM
George,Pauline,Vetron,1/1/0001 12:00:00 AM
Herring,Franks,Electonic,1/1/0001 12:00:00 AM
Walsh,Zamora,Kindaloo,1/1/0001 12:00:00 AM
Kinney,Rivers,Roughies,1/1/0001 12:00:00 AM
Singleton,Foster,Radiantix,1/1/0001 12:00:00 AM
Koch,Munoz,Intergeek,1/1/0001 12:00:00 AM
Delacruz,Nixon,Portaline,1/1/0001 12:00:00 AM
Gardner,Lee,Ceprene,1/1/0001 12:00:00 AM
Hurley,Lela,Scentric,1/1/0001 12:00:00 AM
Moore,Hull,Accupharm,1/1/0001 12:00:00 AM
Morgan,Bush,Arctiq,1/1/0001 12:00:00 AM
Sweeney,Franco,Hawkster,1/1/0001 12:00:00 AM
Ayers,Marcie,Lumbrex,1/1/0001 12:00:00 AM
Potts,Benjamin,Anarco,1/1/0001 12:00:00 AM
Roman,Mckenzie,Eventix,1/1/0001 12:00:00 AM
Hendricks,Vazquez,Pigzart,1/1/0001 12:00:00 AM
Garrison,Inez,Cinesanct,1/1/0001 12:00:00 AM
Massey,Bettie,Eclipsent,1/1/0001 12:00:00 AM
Forbes,Rosemarie,Verbus,1/1/0001 12:00:00 AM
Merrill,Gallegos,Harmoney,1/1/0001 12:00:00 AM
Joyce,Lila,Schoolio,1/1/0001 12:00:00 AM
Wheeler,Tammie,Paprikut,1/1/0001 12:00:00 AM
Rush,Antonia,Gallaxia,1/1/0001 12:00:00 AM
Atkins,Millie,Stucco,1/1/0001 12:00:00 AM
Ware,Lambert,Zillacon,1/1/0001 12:00:00 AM
Parrish,Romero,Stelaecor,1/1/0001 12:00:00 AM
Rivas,Delaney,Prosely,1/1/0001 12:00:00 AM
Whitney,Kelley,Columella,1/1/0001 12:00:00 AM
Huff,Holden,Digigen,1/1/0001 12:00:00 AM
Washington,Ballard,Noralex,1/1/0001 12:00:00 AM
Sampson,Flores,Quarx,1/1/0001 12:00:00 AM
Keller,Dorothea,Imperium,1/1/0001 12:00:00 AM
Mcbride,Ernestine,Niquent,1/1/0001 12:00:00 AM
Eaton,Patti,Genmom,1/1/0001 12:00:00 AM
Ramsey,Ware,Koogle,1/1/0001 12:00:00 AM
Horn,Darcy,Earbang,1/1/0001 12:00:00 AM
Dyer,Shawna,Canopoly,1/1/0001 12:00:00 AM
Bradford,Forbes,Zidox,1/1/0001 12:00:00 AM
Lynn,Dona,Twiggery,1/1/0001 12:00:00 AM
Abbott,Simmons,Acruex,1/1/0001 12:00:00 AM
Small,Eliza,Lotron,1/1/0001 12:00:00 AM
Kaufman,Preston,Farmex,1/1/0001 12:00:00 AM
Wilson,Graciela,Geekola,1/1/0001 12:00:00 AM
Mcdaniel,Roxie,Zappix,1/1/0001 12:00:00 AM
Henderson,Duffy,Memora,1/1/0001 12:00:00 AM
Newton,Weeks,Wrapture,1/1/0001 12:00:00 AM
Williamson,Charles,Menbrain,1/1/0001 12:00:00 AM
Ellis,Gibson,Boilcat,1/1/0001 12:00:00 AM
Cortez,Adkins,Realmo,1/1/0001 12:00:00 AM
Swanson,Ryan,Ohmnet,1/1/0001 12:00:00 AM
Tillman,June,Geekwagon,1/1/0001 12:00:00 AM
Foley,Mcguire,Balooba,1/1/0001 12:00:00 AM
Dejesus,Wilkerson,Limozen,1/1/0001 12:00:00 AM
Tanner,Bishop,Futuris,1/1/0001 12:00:00 AM
Howell,Elma,Pushcart,1/1/0001 12:00:00 AM
Saunders,Mooney,Skybold,1/1/0001 12:00:00 AM
Anderson,Terry,Marqet,1/1/0001 12:00:00 AM
Burns,Crosby,Austex,1/1/0001 12:00:00 AM
Larsen,Valentine,Zenthall,1/1/0001 12:00:00 AM
Miller,Curry,Zentility,1/1/0001 12:00:00 AM
Ferguson,Silva,Deepends,1/1/0001 12:00:00 AM
Wiley,Ollie,Imant,1/1/0001 12:00:00 AM
Oneil,Laurel,Ozean,1/1/0001 12:00:00 AM
Hopper,Camille,Geoforma,1/1/0001 12:00:00 AM
Powers,Meyers,Sentia,1/1/0001 12:00:00 AM
Dickson,Delacruz,Xplor,1/1/0001 12:00:00 AM
Dennis,Parks,Idego,1/1/0001 12:00:00 AM
Beasley,Petra,Steelfab,1/1/0001 12:00:00 AM
Mays,Estelle,Caxt,1/1/0001 12:00:00 AM
Wilkins,Delgado,Geologix,1/1/0001 12:00:00 AM
Crawford,Cooper,Cyclonica,1/1/0001 12:00:00 AM
Long,Madelyn,Architax,1/1/0001 12:00:00 AM
Caldwell,Horton,Newcube,1/1/0001 12:00:00 AM
Elliott,Hilda,Aeora,1/1/0001 12:00:00 AM
Deleon,Frances,Ginkogene,1/1/0001 12:00:00 AM
Mcconnell,Yolanda,Cytrex,1/1/0001 12:00:00 AM
Patterson,Ann,Edecine,1/1/0001 12:00:00 AM
Hartman,Cardenas,Digial,1/1/0001 12:00:00 AM
Cooke,Corrine,Updat,1/1/0001 12:00:00 AM
Chan,Marcy,Quarmony,1/1/0001 12:00:00 AM
Mcfarland,Helga,Securia,1/1/0001 12:00:00 AM
Perez,Lee,Dymi,1/1/0001 12:00:00 AM
Poole,Sheree,Xixan,1/1/0001 12:00:00 AM
Conley,Rhonda,Oatfarm,1/1/0001 12:00:00 AM
Crane,Malone,Plexia,1/1/0001 12:00:00 AM
Moreno,Celina,Ebidco,1/1/0001 12:00:00 AM
Aguirre,Lorraine,Syntac,1/1/0001 12:00:00 AM
England,Deleon,Genmy,1/1/0001 12:00:00 AM
Mcknight,Taylor,Lingoage,1/1/0001 12:00:00 AM
Flynn,Wendy,Bunga,1/1/0001 12:00:00 AM
Jordan,Everett,Straloy,1/1/0001 12:00:00 AM
Lane,Young,Shepard,1/1/0001 12:00:00 AM
Pittman,Koch,Geekmosis,1/1/0001 12:00:00 AM
Calhoun,Brianna,Assistia,1/1/0001 12:00:00 AM
Norman,Viola,Bleendot,1/1/0001 12:00:00 AM
Vaughn,Rosales,Dragbot,1/1/0001 12:00:00 AM
Bush,Bradshaw,Exoswitch,1/1/0001 12:00:00 AM
Ortiz,Noemi,Zoid,1/1/0001 12:00:00 AM
Sears,Georgia,Asimiline,1/1/0001 12:00:00 AM
Evans,Ross,Quonata,1/1/0001 12:00:00 AM
Lindsay,Dunn,Gluid,1/1/0001 12:00:00 AM
Rowe,Danielle,Daisu,1/1/0001 12:00:00 AM
Dodson,Geraldine,Techtrix,1/1/0001 12:00:00 AM
Wright,Andrews,Skyplex,1/1/0001 12:00:00 AM
Yang,Greer,Frolix,1/1/0001 12:00:00 AM
Walters,Sasha,Maineland,1/1/0001 12:00:00 AM
Galloway,Miranda,Uneeq,1/1/0001 12:00:00 AM
Hart,Mable,Sulfax,1/1/0001 12:00:00 AM
Frost,Nadine,Isbol,1/1/0001 12:00:00 AM
Gomez,Gould,Terrago,1/1/0001 12:00:00 AM
Klein,Olsen,Utara,1/1/0001 12:00:00 AM
Mclaughlin,Eileen,Miracula,1/1/0001 12:00:00 AM
Montgomery,Sosa,Accruex,1/1/0001 12:00:00 AM
Guthrie,Erma,Extragen,1/1/0001 12:00:00 AM
Ellison,Riggs,Halap,1/1/0001 12:00:00 AM
Mack,Rosa,Ginkle,1/1/0001 12:00:00 AM
Barlow,Larsen,Idetica,1/1/0001 12:00:00 AM
Dudley,Misty,Insuron,1/1/0001 12:00:00 AM
Underwood,Jayne,Bullzone,1/1/0001 12:00:00 AM
Mckinney,Kaufman,Corporana,1/1/0001 12:00:00 AM
Mayer,Howard,Opticom,1/1/0001 12:00:00 AM
Chang,Baird,Accel,1/1/0001 12:00:00 AM
Hutchinson,Erika,Entogrok,1/1/0001 12:00:00 AM
Wynn,Raymond,Premiant,1/1/0001 12:00:00 AM
Robertson,Neva,Temorak,1/1/0001 12:00:00 AM
Cleveland,Kelly,Lexicondo,1/1/0001 12:00:00 AM
Holder,Lamb,Kiggle,1/1/0001 12:00:00 AM
Valentine,Martha,Enormo,1/1/0001 12:00:00 AM
Rodriquez,Irma,Applideck,1/1/0001 12:00:00 AM
Burgess,Petersen,Mantrix,1/1/0001 12:00:00 AM
Petersen,Susanna,Zolar,1/1/0001 12:00:00 AM
Price,Terrie,Twiist,1/1/0001 12:00:00 AM
Neal,Shannon,Medalert,1/1/0001 12:00:00 AM
Buckner,Jordan,Conferia,1/1/0001 12:00:00 AM
Farrell,Merritt,Kraggle,1/1/0001 12:00:00 AM
Nguyen,Bowen,Orbiflex,1/1/0001 12:00:00 AM
Carr,Rivera,Supremia,1/1/0001 12:00:00 AM
Marsh,Rosalind,Vantage,1/1/0001 12:00:00 AM
Short,Boyd,Exerta,1/1/0001 12:00:00 AM
Blackwell,Chandra,Sybixtex,1/1/0001 12:00:00 AM
Parker,Therese,Icology,1/1/0001 12:00:00 AM
Mccray,Coleman,Comtour,1/1/0001 12:00:00 AM
Mcmahon,Brooks,Flyboyz,1/1/0001 12:00:00 AM
Murphy,Esmeralda,Xiix,1/1/0001 12:00:00 AM
Leonard,Cornelia,Empirica,1/1/0001 12:00:00 AM
Clay,Winnie,Isologica,1/1/0001 12:00:00 AM
Dixon,Faith,Cognicode,1/1/0001 12:00:00 AM
Stanley,Janelle,Entality,1/1/0001 12:00:00 AM
Ford,Bell,Xelegyl,1/1/0001 12:00:00 AM
Stokes,Williams,Sureplex,1/1/0001 12:00:00 AM
Hardy,Phyllis,Stralum,1/1/0001 12:00:00 AM
Gordon,Watson,Dognost,1/1/0001 12:00:00 AM
Hoffman,Lillie,Ecraze,1/1/0001 12:00:00 AM
Thompson,Kerry,Megall,1/1/0001 12:00:00 AM
Edwards,Ora,Krag,1/1/0001 12:00:00 AM
Keith,Lewis,Elentrix,1/1/0001 12:00:00 AM
Schmidt,Salazar,Ultrimax,1/1/0001 12:00:00 AM
Wilcox,Castaneda,Imkan,1/1/0001 12:00:00 AM
Gilmore,Gwendolyn,Yurture,1/1/0001 12:00:00 AM
Dominguez,Rachel,Turnling,1/1/0001 12:00:00 AM
Day,Dorothy,Recritube,1/1/0001 12:00:00 AM
Clements,Patty,Fiberox,1/1/0001 12:00:00 AM
Hale,Melton,Velos,1/1/0001 12:00:00 AM
Walls,Josie,Moreganic,1/1/0001 12:00:00 AM
Waters,Reed,Gink,1/1/0001 12:00:00 AM
Warner,Vicki,Ovation,1/1/0001 12:00:00 AM
Macdonald,Traci,Snorus,1/1/0001 12:00:00 AM
Fletcher,Margo,Overfork,1/1/0001 12:00:00 AM
Peterson,Diana,Bedlam,1/1/0001 12:00:00 AM
Erickson,Cox,Magmina,1/1/0001 12:00:00 AM
Schroeder,Poole,Frenex,1/1/0001 12:00:00 AM
Mcleod,Rachelle,Permadyne,1/1/0001 12:00:00 AM
Cruz,Olivia,Comtract,1/1/0001 12:00:00 AM
Shaffer,Garrison,Zytrax,1/1/0001 12:00:00 AM
Melendez,Carpenter,Webiotic,1/1/0001 12:00:00 AM
Santana,Jenna,Pearlessa,1/1/0001 12:00:00 AM
Christian,Lawrence,Eargo,1/1/0001 12:00:00 AM
Reese,Mendez,Opticon,1/1/0001 12:00:00 AM
Matthews,Carter,Norsup,1/1/0001 12:00:00 AM
Pate,Wiggins,Qualitex,1/1/0001 12:00:00 AM
Joseph,Hendricks,Genekom,1/1/0001 12:00:00 AM
Duran,Cline,Hopeli,1/1/0001 12:00:00 AM
Roberson,Reeves,Otherside,1/1/0001 12:00:00 AM
Tyson,Flora,Techmania,1/1/0001 12:00:00 AM
Burke,Adriana,Dentrex,1/1/0001 12:00:00 AM
Carpenter,Alma,Coash,1/1/0001 12:00:00 AM
Medina,Underwood,Quonk,1/1/0001 12:00:00 AM
Grimes,Reba,Zedalis,1/1/0001 12:00:00 AM
Goff,Tracie,Neptide,1/1/0001 12:00:00 AM
Beck,Savannah,Proxsoft,1/1/0001 12:00:00 AM
Sherman,Tameka,Corecom,1/1/0001 12:00:00 AM
Buck,Carlson,Geekol,1/1/0001 12:00:00 AM
Rollins,Susan,Zerbina,1/1/0001 12:00:00 AM
Leach,Campbell,Atgen,1/1/0001 12:00:00 AM
Shepherd,Emerson,Magnina,1/1/0001 12:00:00 AM
Faulkner,Maldonado,Qnekt,1/1/0001 12:00:00 AM
Savage,Callahan,Overplex,1/1/0001 12:00:00 AM
Jenkins,Gomez,Cytrak,1/1/0001 12:00:00 AM
Rosales,Marilyn,Equicom,1/1/0001 12:00:00 AM
Francis,Holland,Exposa,1/1/0001 12:00:00 AM
Rasmussen,Snyder,Andryx,1/1/0001 12:00:00 AM
Bright,Oneal,Goko,1/1/0001 12:00:00 AM
Robinson,Barnes,Confrenzy,1/1/0001 12:00:00 AM
Bartlett,Chase,Terrasys,1/1/0001 12:00:00 AM
Byers,Ada,Portica,1/1/0001 12:00:00 AM
Mckenzie,Bolton,Nurplex,1/1/0001 12:00:00 AM
Weiss,Anderson,Anacho,1/1/0001 12:00:00 AM
Good,Glass,Comstar,1/1/0001 12:00:00 AM
Boone,Imogene,Izzby,1/1/0001 12:00:00 AM
Hobbs,Christina,Cincyr,1/1/0001 12:00:00 AM
Butler,Barton,Inear,1/1/0001 12:00:00 AM
Clemons,Spence,Aclima,1/1/0001 12:00:00 AM
Hewitt,Howell,Strozen,1/1/0001 12:00:00 AM
Finch,Reese,Rocklogic,1/1/0001 12:00:00 AM
Grant,Nikki,Speedbolt,1/1/0001 12:00:00 AM
Whitaker,Levy,Nebulean,1/1/0001 12:00:00 AM
Meyers,Goodwin,Cubicide,1/1/0001 12:00:00 AM
Mercer,Debbie,Vinch,1/1/0001 12:00:00 AM
Raymond,Woodard,Fitcore,1/1/0001 12:00:00 AM
Casey,Judy,Sustenza,1/1/0001 12:00:00 AM
Sheppard,Addie,Miraclis,1/1/0001 12:00:00 AM
Moss,Katina,Toyletry,1/1/0001 12:00:00 AM
Dalton,Marsha,Portico,1/1/0001 12:00:00 AM
Lowery,Kayla,Insectus,1/1/0001 12:00:00 AM
Sawyer,Kramer,Koffee,1/1/0001 12:00:00 AM
Calderon,Wells,Martgo,1/1/0001 12:00:00 AM
Higgins,York,Primordia,1/1/0001 12:00:00 AM
Frye,Richard,Diginetic,1/1/0001 12:00:00 AM
Humphrey,Booker,Zillar,1/1/0001 12:00:00 AM
Giles,Willie,Freakin,1/1/0001 12:00:00 AM
Knox,Nancy,Capscreen,1/1/0001 12:00:00 AM
Ray,Key,Zilodyne,1/1/0001 12:00:00 AM
Henson,Elise,Krog,1/1/0001 12:00:00 AM
Barker,Vonda,Suretech,1/1/0001 12:00:00 AM
Vargas,Lauri,Gynk,1/1/0001 12:00:00 AM
Schultz,Clay,Exozent,1/1/0001 12:00:00 AM
Kelly,Eaton,Codax,1/1/0001 12:00:00 AM
Quinn,Rosa,Frosnex,1/1/0001 12:00:00 AM
Coleman,Karin,Aquasure,1/1/0001 12:00:00 AM
Sanders,Alexandra,Geekus,1/1/0001 12:00:00 AM
Simmons,Meadows,Nexgene,1/1/0001 12:00:00 AM
Hoover,Ratliff,Mondicil,1/1/0001 12:00:00 AM
Hopkins,Hughes,Affluex,1/1/0001 12:00:00 AM
Ochoa,Woods,Verton,1/1/0001 12:00:00 AM
Cotton,Fulton,Aquoavo,1/1/0001 12:00:00 AM
Hurst,Selma,Rugstars,1/1/0001 12:00:00 AM
Christensen,Sutton,Fuelworks,1/1/0001 12:00:00 AM
Davidson,Lara,Kinetica,1/1/0001 12:00:00 AM
Marks,Fisher,Futurity,1/1/0001 12:00:00 AM
Mckee,Cassie,Vitricomp,1/1/0001 12:00:00 AM
Mitchell,Amparo,Zuvy,1/1/0001 12:00:00 AM
Boyer,Wolf,Turnabout,1/1/0001 12:00:00 AM
Pennington,Mcgowan,Accidency,1/1/0001 12:00:00 AM
Green,Valencia,Rodeology,1/1/0001 12:00:00 AM
Britt,Robyn,Zilla,1/1/0001 12:00:00 AM
Gaines,Alford,Bytrex,1/1/0001 12:00:00 AM
Espinoza,Becky,Xsports,1/1/0001 12:00:00 AM
Gross,Anne,Bisba,1/1/0001 12:00:00 AM
Jacobson,Pena,Ultrasure,1/1/0001 12:00:00 AM
Golden,Maryanne,Splinx,1/1/0001 12:00:00 AM
Parsons,Kane,Xerex,1/1/0001 12:00:00 AM
Compton,Noble,Musix,1/1/0001 12:00:00 AM
Glenn,Brittany,Netagy,1/1/0001 12:00:00 AM
Burks,Dixon,Zounds,1/1/0001 12:00:00 AM
Flores,Guy,Entroflex,1/1/0001 12:00:00 AM
Franks,Burris,Multron,1/1/0001 12:00:00 AM
Houston,Leola,Slofast,1/1/0001 12:00:00 AM
Logan,Shaw,Apexia,1/1/0001 12:00:00 AM
Rivers,Barrera,Essensia,1/1/0001 12:00:00 AM
Brewer,Fitzpatrick,Cytrek,1/1/0001 12:00:00 AM
Head,Lolita,Bezal,1/1/0001 12:00:00 AM
Berg,Christian,Polarax,1/1/0001 12:00:00 AM
Curtis,Duran,Keengen,1/1/0001 12:00:00 AM
Preston,Trujillo,Acusage,1/1/0001 12:00:00 AM
Avila,Butler,Kaggle,1/1/0001 12:00:00 AM
Cox,Alta,Mediot,1/1/0001 12:00:00 AM
Patton,Bobbi,Enerforce,1/1/0001 12:00:00 AM
Olsen,Randolph,Zensus,1/1/0001 12:00:00 AM
Patrick,Bentley,Maximind,1/1/0001 12:00:00 AM
Barr,Watkins,Musanpoly,1/1/0001 12:00:00 AM
Morrow,Morgan,Klugger,1/1/0001 12:00:00 AM
Mayo,Mcneil,Isotrack,1/1/0001 12:00:00 AM
Hubbard,Ewing,Ronelon,1/1/0001 12:00:00 AM
Kirkland,Bullock,Jumpstack,1/1/0001 12:00:00 AM
Bernard,Gates,Xth,1/1/0001 12:00:00 AM
Wilder,Cote,Ovolo,1/1/0001 12:00:00 AM
Castro,Vance,Dadabase,1/1/0001 12:00:00 AM
Mathis,Alisha,Medcom,1/1/0001 12:00:00 AM
Petty,Nina,Bolax,1/1/0001 12:00:00 AM
Becker,Knox,Kidgrease,1/1/0001 12:00:00 AM
Reed,Kinney,Tubalum,1/1/0001 12:00:00 AM
Kane,Cheri,Tasmania,1/1/0001 12:00:00 AM
Hall,Sargent,Xanide,1/1/0001 12:00:00 AM
Callahan,Matilda,Velity,1/1/0001 12:00:00 AM
Dunn,Johnson,Biotica,1/1/0001 12:00:00 AM
Mason,Skinner,Liquicom,1/1/0001 12:00:00 AM
Nash,Bass,Gaptec,1/1/0001 12:00:00 AM
Johnston,Jillian,Exoblue,1/1/0001 12:00:00 AM
Hammond,Lorene,Accuprint,1/1/0001 12:00:00 AM
May,Day,Medesign,1/1/0001 12:00:00 AM
Figueroa,Brewer,Comtrak,1/1/0001 12:00:00 AM
Robles,Jeannie,Trasola,1/1/0001 12:00:00 AM
Perkins,Patrick,Bristo,1/1/0001 12:00:00 AM
Mccormick,Mitchell,Comdom,1/1/0001 12:00:00 AM
Valenzuela,Lucy,Bittor,1/1/0001 12:00:00 AM
Cannon,Gayle,Cosmetex,1/1/0001 12:00:00 AM
Browning,Livingston,Endipine,1/1/0001 12:00:00 AM
Sanford,Barr,Rameon,1/1/0001 12:00:00 AM
Gallagher,Evelyn,Imaginart,1/1/0001 12:00:00 AM
Brooks,Ramos,Retrack,1/1/0001 12:00:00 AM
Contreras,Kellie,Geofarm,1/1/0001 12:00:00 AM
Cooper,Douglas,Zepitope,1/1/0001 12:00:00 AM
Johns,Winifred,Kyaguru,1/1/0001 12:00:00 AM
Henry,Cook,Zeam,1/1/0001 12:00:00 AM
Ross,Ophelia,Aquasseur,1/1/0001 12:00:00 AM
Knapp,Kitty,Artiq,1/1/0001 12:00:00 AM
Carson,Tillman,Virxo,1/1/0001 12:00:00 AM
Stevenson,Deana,Surelogic,1/1/0001 12:00:00 AM
Watson,Cruz,Kneedles,1/1/0001 12:00:00 AM
Sargent,Melissa,Assistix,1/1/0001 12:00:00 AM
Smith,Joyce,Teraprene,1/1/0001 12:00:00 AM
Montoya,Alisa,Isosure,1/1/0001 12:00:00 AM
Curry,Sloan,Zilladyne,1/1/0001 12:00:00 AM
Moran,Clark,Rooforia,1/1/0001 12:00:00 AM
Beard,Wagner,Nixelt,1/1/0001 12:00:00 AM
Franklin,Deloris,Valpreal,1/1/0001 12:00:00 AM
Glover,Rivas,Extremo,1/1/0001 12:00:00 AM
Dorsey,Eva,Mantro,1/1/0001 12:00:00 AM
Kirk,Angeline,Buzzmaker,1/1/0001 12:00:00 AM
Jensen,Wallace,Enthaze,1/1/0001 12:00:00 AM
Hodges,Heidi,Interfind,1/1/0001 12:00:00 AM
Rocha,Spears,Solgan,1/1/0001 12:00:00 AM
Bullock,Brandy,Thredz,1/1/0001 12:00:00 AM
Woodard,England,Dognosis,1/1/0001 12:00:00 AM
Santos,Love,Bicol,1/1/0001 12:00:00 AM
Nelson,Burgess,Zaj,1/1/0001 12:00:00 AM
Morton,Phelps,Handshake,1/1/0001 12:00:00 AM
Osborne,Olive,Ecolight,1/1/0001 12:00:00 AM
Velez,Sparks,Bluegrain,1/1/0001 12:00:00 AM
White,James,Suremax,1/1/0001 12:00:00 AM
William,Washington,Phormula,1/1/0001 12:00:00 AM
Pearson,Christian,Helixo,1/1/0001 12:00:00 AM
Carlson,Nola,Comcur,1/1/0001 12:00:00 AM
Cohen,Cathy,Pyramia,1/1/0001 12:00:00 AM
Skinner,Houston,Corpulse,1/1/0001 12:00:00 AM
Oneal,Paulette,Enervate,1/1/0001 12:00:00 AM
Blanchard,Tia,Puria,1/1/0001 12:00:00 AM
Hayden,Natalie,Octocore,1/1/0001 12:00:00 AM
Hatfield,Vega,Uncorp,1/1/0001 12:00:00 AM
Norton,Rhodes,Malathion,1/1/0001 12:00:00 AM
Taylor,Abby,Vurbo,1/1/0001 12:00:00 AM
Jarvis,Stanley,Envire,1/1/0001 12:00:00 AM
Riggs,Simon,Brainclip,1/1/0001 12:00:00 AM
Baker,Maxwell,Concility,1/1/0001 12:00:00 AM
Barrera,Osborn,Remotion,1/1/0001 12:00:00 AM
Young,Davis,Olucore,1/1/0001 12:00:00 AM
Ramirez,Hutchinson,Idealis,1/1/0001 12:00:00 AM
Larson,Prince,Pulze,1/1/0001 12:00:00 AM
Church,Robert,Plasmos,1/1/0001 12:00:00 AM
Lynch,Sonja,Insurity,1/1/0001 12:00:00 AM
Terry,Stephenson,Xymonk,1/1/0001 12:00:00 AM
Winters,Nona,Calcu,1/1/0001 12:00:00 AM
Foster,Price,Automon,1/1/0001 12:00:00 AM
Chaney,Ruth,Zilch,1/1/0001 12:00:00 AM
Hyde,Molly,Datagen,1/1/0001 12:00:00 AM
Trujillo,Hays,Kozgene,1/1/0001 12:00:00 AM
Flowers,Kaitlin,Fibrodyne,1/1/0001 12:00:00 AM
Williams,Greta,Eyewax,1/1/0001 12:00:00 AM
Fulton,Wilda,Orbixtar,1/1/0001 12:00:00 AM
Bowen,Rhoda,Visualix,1/1/0001 12:00:00 AM
Mcfadden,Le,Isonus,1/1/0001 12:00:00 AM
Wooten,Graham,Billmed,1/1/0001 12:00:00 AM
Pugh,Myrtle,Kineticut,1/1/0001 12:00:00 AM
Woods,Erna,Quilk,1/1/0001 12:00:00 AM
Townsend,Sellers,Hometown,1/1/0001 12:00:00 AM
Fuentes,Baldwin,Inquala,1/1/0001 12:00:00 AM
Mooney,Reilly,Xurban,1/1/0001 12:00:00 AM
Delaney,Huber,Genmex,1/1/0001 12:00:00 AM
Oneill,Rosario,Zentix,1/1/0001 12:00:00 AM
Morrison,Mia,Extro,1/1/0001 12:00:00 AM
Blake,Cecile,Realysis,1/1/0001 12:00:00 AM
Bolton,David,Corepan,1/1/0001 12:00:00 AM
Gregory,Jewel,Matrixity,1/1/0001 12:00:00 AM
Wiggins,Nielsen,Xoggle,1/1/0001 12:00:00 AM
Adams,Stanton,Unisure,1/1/0001 12:00:00 AM
Vasquez,Sykes,Inrt,1/1/0001 12:00:00 AM
Snow,Esther,Accufarm,1/1/0001 12:00:00 AM
Phillips,Vickie,Avenetro,1/1/0001 12:00:00 AM
Sharpe,Deanna,Deminimum,1/1/0001 12:00:00 AM
Wallace,Maddox,Powernet,1/1/0001 12:00:00 AM
Weaver,Green,Trollery,1/1/0001 12:00:00 AM
Harmon,Snider,Oceanica,1/1/0001 12:00:00 AM
Cantu,Mcmillan,Sealoud,1/1/0001 12:00:00 AM
Benton,Santana,Acrodance,1/1/0001 12:00:00 AM
Manning,Britt,Comvey,1/1/0001 12:00:00 AM