LastName,FirstName,Company,PrintBadge
Mueller,Jeanine,Comstruct,1/1/0001 12:00:00 AM
Cross,Blake,Xeronk,1/1/0001 12:00:00 AM
Floyd,Gardner,Organica,1/1/0001 12:00:00 AM
Fry,Cleveland,Emergent,1/1/0001 12:00:00 AM
Craig,Carney,Isoplex,1/1/0001 12:00:00 AM
Woodward,Sims,Orboid,1/1/0001 12:00:00 AM
Suarez,Ebony,Momentia,1/1/0001 12:00:00 AM
Stephenson,Sheppard,Utarian,1/1/0001 12:00:00 AM
Thomas,Pierce,Norsul,1/1/0001 12:00:00 AM
Gray,Vinson,Gracker,1/1/0001 12:00:00 AM
Olson,Shari,Glasstep,1/1/0001 12:00:00 AM
Madden,Davidson,Ovium,1/1/0001 12:00:00 AM
Torres,Lynne,Zenco,1/1/0001 12:00:00 AM
Dotson,Whitfield,Jetsilk,1/1/0001 12:00:00 AM
Frederick,Althea,Danja,1/1/0001 12:00:00 AM
Cote,Riley,Franscene,1/1/0001 12:00:00 AM
Owens,Matthews,Sensate,1/1/0001 12:00:00 AM
Knowles,Cathryn,Quizmo,1/1/0001 12:00:00 AM
Merritt,Marks,Keeg,1/1/0001 12:00:00 AM
Morin,Candy,Tropoli,1/1/0001 12:00:00 AM
Owen,Carey,Digigene,1/1/0001 12:00:00 AM
Watts,Harrison,Geekular,1/1/0001 12:00:00 AM
Mcintyre,Coffey,Prismatic,1/1/0001 12:00:00 AM
Maldonado,Walters,Plasto,1/1/0001 12:00:00 AM
Sosa,Mclean,Photobin,1/1/0001 12:00:00 AM
Payne,Karyn,Hydrocom,1/1/0001 12:00:00 AM
Maxwell,Yang,Viocular,1/1/0001 12:00:00 AM
Juarez,Beasley,Digirang,1/1/0001 12:00:00 AM
Lott,Potter,Aquazure,1/1/0001 12:00:00 AM
Aguilar,Carroll,Hyplex,1/1/0001 12:00:00 AM
Miranda,Tara,Zillacom,1/1/0001 12:00:00 AM
Page,Yvonne,Scenty,1/1/0001 12:00:00 AM
Rojas,May,Cujo,1/1/0001 12:00:00 AM
Hogan,Effie,Micronaut,1/1/0001 12:00:00 AM
Banks,Lane,Combot,1/1/0001 12:00:00 AM
Mccoy,Abbott,Zillactic,1/1/0001 12:00:00 AM
Mcdowell,Madge,Uberlux,1/1/0001 12:00:00 AM
Marshall,Benson,Greeker,1/1/0001 12:00:00 AM
Jefferson,Blackburn,Blanet,1/1/0001 12:00:00 AM
Prince,Shields,Viasia,1/1/0001 12:00:00 AM
Graham,Fuller,Daido,1/1/0001 12:00:00 AM
Mcclain,Lakeisha,Cowtown,1/1/0001 12:00:00 AM
Sutton,Kasey,Gushkool,1/1/0001 12:00:00 AM
Weeks,Roach,Acium,1/1/0001 12:00:00 AM
Mcguire,Gutierrez,Gronk,1/1/0001 12:00:00 AM
Perry,Byrd,Valreda,1/1/0001 12:00:00 AM
Palmer,Bright,Sultrax,1/1/0001 12:00:00 AM
Cooley,Santiago,Voratak,1/1/0001 12:00:00 AM
Santiago,Griffith,Phuel,1/1/0001 12:00:00 AM
Paul,Powell,Xylar,1/1/0001 12:00:00 AM
Stephens,Foreman,Vendblend,1/1/0001 12:00:00 AM
Middleton,Tran,Bizmatic,1/1/0001 12:00:00 AM
Randolph,Wise,Moltonic,1/1/0001 12:00:00 AM
Reid,Wade,Xleen,1/1/0001 12:00:00 AM
Cochran,Clayton,Eyeris,1/1/0001 12:00:00 AM
Parks,Whitney,Providco,1/1/0001 12:00:00 AM
Warren,Courtney,Tingles,1/1/0001 12:00:00 AM
Booth,Hopkins,Apextri,1/1/0001 12:00:00 AM
Sanchez,Hope,Senmao,1/1/0001 12:00:00 AM
Hays,Nicholson,Plutorque,1/1/0001 12:00:00 AM
Padilla,Lindsey,Tellifly,1/1/0001 12:00:00 AM
Leblanc,Sandra,Comtext,1/1/0001 12:00:00 AM
Emerson,Merrill,Musaphics,1/1/0001 12:00:00 AM
Stevens,Rush,Pawnagra,1/1/0001 12:00:00 AM
Bentley,Ofelia,Earthplex,1/1/0001 12:00:00 AM
Willis,Marian,Vicon,1/1/0001 12:00:00 AM
Gentry,Moss,Slambda,1/1/0001 12:00:00 AM
Pickett,Hart,Eventex,1/1/0001 12:00:00 AM
Hampton,Lawanda,Circum,1/1/0001 12:00:00 AM
Peck,Rollins,Geostele,1/1/0001 12:00:00 AM
Salazar,Adams,Myopium,1/1/0001 12:00:00 AM
Bishop,Pitts,Tsunamia,1/1/0001 12:00:00 AM
Holland,Ochoa,Podunk,1/1/0001 12:00:00 AM
Hines,Keri,Gynko,1/1/0001 12:00:00 AM
Lindsey,Jeanie,Applica,1/1/0001 12:00:00 AM
Munoz,Alissa,Ezent,1/1/0001 12:00:00 AM
Ryan,Rose,Cuizine,1/1/0001 12:00:00 AM
Sloan,Kim,Zillatide,1/1/0001 12:00:00 AM
Cameron,Mariana,Hairport,1/1/0001 12:00:00 AM
Vega,Jean,Silodyne,1/1/0001 12:00:00 AM
French,Sallie,Bugsall,1/1/0001 12:00:00 AM
Daugherty,Thompson,Elemantra,1/1/0001 12:00:00 AM
Greene,Long,Kangle,1/1/0001 12:00:00 AM
Dillard,Amy,Sultraxin,1/1/0001 12:00:00 AM
West,Lucile,Parcoe,1/1/0001 12:00:00 AM
Fitzpatrick,Betsy,Digitalus,1/1/0001 12:00:00 AM
Harvey,Eula,Aquamate,1/1/0001 12:00:00 AM
Hawkins,Alston,Fuelton,1/1/0001 12:00:00 AM
Douglas,Slater,Parleynet,1/1/0001 12:00:00 AM
Cash,Lloyd,Filodyne,1/1/0001 12:00:00 AM
Cabrera,Theresa,Bluplanet,1/1/0001 12:00:00 AM
Harrington,Pat,Roboid,1/1/0001 12:00:00 AM
Carver,Paige,Translink,1/1/0001 12:00:00 AM
Holman,Clements,Ziore,1/1/0001 12:00:00 AM
Peters,Salinas,Ludak,1/1/0001 12:00:00 AM
Ramos,Kristy,Calcula,1/1/0001 12:00:00 AM
Hill,Hill,Nimon,1/1/0001 12:00:00 AM
Haynes,Rowena,Playce,1/1/0001 12:00:00 AM
Stafford,Casey,Telequiet,1/1/0001 12:00:00 AM
Harding,Rebekah,Magnafone,1/1/0001 12:00:00 AM
Murray,Rocha,Sportan,1/1/0001 12:00:00 AM
Oconnor,Roslyn,Plasmox,1/1/0001 12:00:00 AM
Terrell,Cecilia,Apex,1/1/0001 12:00:00 AM
Hensley,Rochelle,Songbird,1/1/0001 12:00:00 AM
George,Pauline,Vetron,1/1/0001 12:00:00 AM
Herring,Franks,Electonic,1/1/0001 12:00:00 AM
Walsh,Zamora,Kindaloo,1/1/0001 12:00:00 AM
Kinney,Rivers,Roughies,1/1/0001 12:00:00 AM
Singleton,Foster,Radiantix,1/1/0001 12:00:00 AM
Koch,Munoz,Intergeek,1/1/0001 12:00:00 AM
Delacruz,Nixon,Portaline,1/1/0001 12:00:00 AM
Gardner,Lee,Ceprene,1/1/0001 12:00:00 AM
Hurley,Lela,Scentric,1/1/0001 12:00:00 AM
Moore,Hull,Accupharm,1/1/0001 12:00:00 AM
Morgan,Bush,Arctiq,1/1/0001 12:00:00 AM
Sweeney,Franco,Hawkster,1/1/0001 12:00:00 AM
Ayers,Marcie,Lumbrex,1/1/0001 12:00:00 AM
Potts,Benjamin,Anarco,1/1/0001 12:00:00 AM
Roman,Mckenzie,Eventix,1/1/0001 12:00:00 AM
Hendricks,Vazquez,Pigzart,1/1/0001 12:00:00 AM
Garrison,Inez,Cinesanct,1/1/0001 12:00:00 AM
Massey,Bettie,Eclipsent,1/1/0001 12:00:00 AM
Forbes,Rosemarie,Verbus,1/1/0001 12:00:00 AM
Merrill,Gallegos,Harmoney,1/1/0001 12:00:00 AM
Joyce,Lila,Schoolio,1/1/0001 12:00:00 AM
Wheeler,Tammie,Paprikut,1/1/0001 12:00:00 AM
Rush,Antonia,Gallaxia,1/1/0001 12:00:00 AM
Atkins,Millie,Stucco,1/1/0001 12:00:00 AM
Ware,Lambert,Zillacon,1/1/0001 12:00:00 AM
Parrish,Romero,Stelaecor,1/1/0001 12:00:00 AM
Rivas,Delaney,Prosely,1/1/0001 12:00:00 AM
Whitney,Kelley,Columella,1/1/0001 12:00:00 AM
Huff,Holden,Digigen,1/1/0001 12:00:00 AM
Washington,Ballard,Noralex,1/1/0001 12:00:00 AM
Sampson,Flores,Quarx,1/1/0001 12:00:00 AM
Keller,Dorothea,Imperium,1/1/0001 12:00:00 AM
Mcbride,Ernestine,Niquent,1/1/0001 12:00:00 AM
Eaton,Patti,Genmom,1/1/0001 12:00:00 AM
Ramsey,Ware,Koogle,1/1/0001 12:00:00 AM
Horn,Darcy,Earbang,1/1/0001 12:00:00 AM
Dyer,Shawna,Canopoly,1/1/0001 12:00:00 AM
Bradford,Forbes,Zidox,1/1/0001 12:00:00 AM
Lynn,Dona,Twiggery,1/1/0001 12:00:00 AM
Abbott,Simmons,Acruex,1/1/0001 12:00:00 AM
Small,Eliza,Lotron,1/1/0001 12:00:00 AM
Kaufman,Preston,Farmex,1/1/0001 12:00:00 AM
Wilson,Graciela,Geekola,1/1/0001 12:00:00 AM
Mcdaniel,Roxie,Zappix,1/1/0001 12:00:00 AM
Henderson,Duffy,Memora,1/1/0001 12:00:00 AM
Newton,Weeks,Wrapture,1/1/0001 12:00:00 AM
Williamson,Charles,Menbrain,1/1/0001 12:00:00 AM
Ellis,Gibson,Boilcat,1/1/0001 12:00:00 AM
Cortez,Adkins,Realmo,1/1/0001 12:00:00 AM
Swanson,Ryan,Ohmnet,1/1/0001 12:00:00 AM
Tillman,June,Geekwagon,1/1/0001 12:00:00 AM
Foley,Mcguire,Balooba,1/1/0001 12:00:00 AM
Dejesus,Wilkerson,Limozen,1/1/0001 12:00:00 AM
Tanner,Bishop,Futuris,1/1/0001 12:00:00 AM
Howell,Elma,Pushcart,1/1/0001 12:00:00 AM
Saunders,Mooney,Skybold,1/1/0001 12:00:00 AM
Anderson,Terry,Marqet,1/1/0001 12:00:00 AM
Burns,Crosby,Austex,1/1/0001 12:00:00 AM
Larsen,Valentine,Zenthall,1/1/0001 12:00:00 AM
Miller,Curry,Zentility,1/1/0001 12:00:00 AM
Ferguson,Silva,Deepends,1/1/0001 12:00:00 AM
Wiley,Ollie,Imant,1/1/0001 12:00:00 AM
Oneil,Laurel,Ozean,1/1/0001 12:00:00 AM
Hopper,Camille,Geoforma,1/1/0001 12:00:00 AM
Powers,Meyers,Sentia,1/1/0001 12:00:00 AM
Dickson,Delacruz,Xplor,1/1/0001 12:00:00 AM
Dennis,Parks,Idego,1/1/0001 12:00:00 AM
Beasley,Petra,Steelfab,1/1/0001 12:00:00 AM
Mays,Estelle,Caxt,1/1/0001 12:00:00 AM
Wilkins,Delgado,Geologix,1/1/0001 12:00:00 AM
Crawford,Cooper,Cyclonica,1/1/0001 12:00:00 AM
Long,Madelyn,Architax,1/1/0001 12:00:00 AM
Caldwell,Horton,Newcube,1/1/0001 12:00:00 AM
Elliott,Hilda,Aeora,1/1/0001 12:00:00 AM
Deleon,Frances,Ginkogene,1/1/0001 12:00:00 AM
Mcconnell,Yolanda,Cytrex,1/1/0001 12:00:00 AM
Patterson,Ann,Edecine,1/1/0001 12:00:00 AM
Hartman,Cardenas,Digial,1/1/0001 12:00:00 AM
Cooke,Corrine,Updat,1/1/0001 12:00:00 AM
Chan,Marcy,Quarmony,1/1/0001 12:00:00 AM
Mcfarland,Helga,Securia,1/1/0001 12:00:00 AM
Perez,Lee,Dymi,1/1/0001 12:00:00 AM
Poole,Sheree,Xixan,1/1/0001 12:00:00 AM
Conley,Rhonda,Oatfarm,1/1/0001 12:00:00 AM
Crane,Malone,Plexia,1/1/0001 12:00:00 AM
Moreno,Celina,Ebidco,1/1/0001 12:00:00 AM
Aguirre,Lorraine,Syntac,1/1/0001 12:00:00 AM
England,Deleon,Genmy,1/1/0001 12:00:00 AM
Mcknight,Taylor,Lingoage,1/1/0001 12:00:00 AM
Flynn,Wendy,Bunga,1/1/0001 12:00:00 AM
Jordan,Everett,Straloy,1/1/0001 12:00:00 AM
Lane,Young,Shepard,1/1/0001 12:00:00 AM
Pittman,Koch,Geekmosis,1/1/0001 12:00:00 AM
Calhoun,Brianna,Assistia,1/1/0001 12:00:00 AM
Norman,Viola,Bleendot,1/1/0001 12:00:00 AM
Vaughn,Rosales,Dragbot,1/1/0001 12:00:00 AM
Bush,Bradshaw,Exoswitch,1/1/0001 12:00:00 AM
Ortiz,Noemi,Zoid,1/1/0001 12:00:00 AM
Sears,Georgia,Asimiline,1/1/0001 12:00:00 AM
Evans,Ross,Quonata,1/1/0001 12:00:00 AM
Lindsay,Dunn,Gluid,1/1/0001 12:00:00 AM
Rowe,Danielle,Daisu,1/1/0001 12:00:00 AM
Dodson,Geraldine,Techtrix,1/1/0001 12:00:00 AM
Wright,Andrews,Skyplex,1/1/0001 12:00:00 AM
Yang,Greer,Frolix,1/1/0001 12:00:00 AM
Walters,Sasha,Maineland,1/1/0001 12:00:00 AM
Galloway,Miranda,Uneeq,1/1/0001 12:00:00 AM
Hart,Mable,Sulfax,1/1/0001 12:00:00 AM
Frost,Nadine,Isbol,1/1/0001 12:00:00 AM
Gomez,Gould,Terrago,1/1/0001 12:00:00 AM
Klein,Olsen,Utara,1/1/0001 12:00:00 AM
Mclaughlin,Eileen,Miracula,1/1/0001 12:00:00 AM
Montgomery,Sosa,Accruex,1/1/0001 12:00:00 AM
Guthrie,Erma,Extragen,1/1/0001 12:00:00 AM
Ellison,Riggs,Halap,1/1/0001 12:00:00 AM
Mack,Rosa,Ginkle,1/1/0001 12:00:00 AM
Barlow,Larsen,Idetica,1/1/0001 12:00:00 AM
Dudley,Misty,Insuron,1/1/0001 12:00:00 AM
Underwood,Jayne,Bullzone,1/1/0001 12:00:00 AM
Mckinney,Kaufman,Corporana,1/1/0001 12:00:00 AM
Mayer,Howard,Opticom,1/1/0001 12:00:00 AM
Chang,Baird,Accel,1/1/0001 12:00:00 AM
Hutchinson,Erika,Entogrok,1/1/0001 12:00:00 AM
Wynn,Raymond,Premiant,1/1/0001 12:00:00 AM
Robertson,Neva,Temorak,1/1/0001 12:00:00 AM
Cleveland,Kelly,Lexicondo,1/1/0001 12:00:00 AM
Holder,Lamb,Kiggle,1/1/0001 12:00:00 AM
Valentine,Martha,Enormo,1/1/0001 12:00:00 AM
Rodriquez,Irma,Applideck,1/1/0001 12:00:00 AM
Burgess,Petersen,Mantrix,1/1/0001 12:00:00 AM
Petersen,Susanna,Zolar,1/1/0001 12:00:00 AM
Price,Terrie,Twiist,1/1/0001 12:00:00 AM
Neal,Shannon,Medalert,1/1/0001 12:00:00 AM
Buckner,Jordan,Conferia,1/1/0001 12:00:00 AM
Farrell,Merritt,Kraggle,1/1/0001 12:00:00 AM
Nguyen,Bowen,Orbiflex,1/1/0001 12:00:00 AM
Carr,Rivera,Supremia,1/1/0001 12:00:00 AM
Marsh,Rosalind,Vantage,1/1/0001 12:00:00 AM
Short,Boyd,Exerta,1/1/0001 12:00:00 AM
Blackwell,Chandra,Sybixtex,1/1/0001 12:00:00 AM
Parker,Therese,Icology,1/1/0001 12:00:00 AM
Mccray,Coleman,Comtour,1/1/0001 12:00:00 AM
Mcmahon,Brooks,Flyboyz,1/1/0001 12:00:00 AM
Murphy,Esmeralda,Xiix,1/1/0001 12:00:00 AM
Leonard,Cornelia,Empirica,1/1/0001 12:00:00 AM
Clay,Winnie,Isologica,1/1/0001 12:00:00 AM
Dixon,Faith,Cognicode,1/1/0001 12:00:00 AM
Stanley,Janelle,Entality,1/1/0001 12:00:00 AM
Ford,Bell,Xelegyl,1/1/0001 12:00:00 AM
Stokes,Williams,Sureplex,1/1/0001 12:00:00 AM
Hardy,Phyllis,Stralum,1/1/0001 12:00:00 AM
Gordon,Watson,Dognost,1/1/0001 12:00:00 AM
Hoffman,Lillie,Ecraze,1/1/0001 12:00:00 AM
Thompson,Kerry,Megall,1/1/0001 12:00:00 AM
Edwards,Ora,Krag,1/1/0001 12:00:00 AM
Keith,Lewis,Elentrix,1/1/0001 12:00:00 AM
Schmidt,Salazar,Ultrimax,1/1/0001 12:00:00 AM
Wilcox,Castaneda,Imkan,1/1/0001 12:00:00 AM
Gilmore,Gwendolyn,Yurture,1/1/0001 12:00:00 AM
Dominguez,Rachel,Turnling,1/1/0001 12:00:00 AM
Day,Dorothy,Recritube,1/1/0001 12:00:00 AM
Clements,Patty,Fiberox,1/1/0001 12:00:00 AM
Hale,Melton,Velos,1/1/0001 12:00:00 AM
Walls,Josie,Moreganic,1/1/0001 12:00:00 AM
Waters,Reed,Gink,1/1/0001 12:00:00 AM
Warner,Vicki,Ovation,1/1/0001 12:00:00 AM
Macdonald,Traci,Snorus,1/1/0001 12:00:00 AM
Fletcher,Margo,Overfork,1/1/0001 12:00:00 AM
Peterson,Diana,Bedlam,1/1/0001 12:00:00 AM
Erickson,Cox,Magmina,1/1/0001 12:00:00 AM
Schroeder,Poole,Frenex,1/1/0001 12:00:00 AM
Mcleod,Rachelle,Permadyne,1/1/0001 12:00:00 AM
Cruz,Olivia,Comtract,1/1/0001 12:00:00 AM
Shaffer,Garrison,Zytrax,1/1/0001 12:00:00 AM
Melendez,Carpenter,Webiotic,1/1/0001 12:00:00 AM
Santana,Jenna,Pearlessa,1/1/0001 12:00:00 AM
Christian,Lawrence,Eargo,1/1/0001 12:00:00 AM
Reese,Mendez,Opticon,1/1/0001 12:00:00 AM
Matthews,Carter,Norsup,1/1/0001 12:00:00 AM
Pate,Wiggins,Qualitex,1/1/0001 12:00:00 AM
Joseph,Hendricks,Genekom,1/1/0001 12:00:00 AM
Duran,Cline,Hopeli,1/1/0001 12:00:00 AM
Roberson,Reeves,Otherside,1/1/0001 12:00:00 AM
Tyson,Flora,Techmania,1/1/0001 12:00:00 AM
Burke,Adriana,Dentrex,1/1/0001 12:00:00 AM
Carpenter,Alma,Coash,1/1/0001 12:00:00 AM
Medina,Underwood,Quonk,1/1/0001 12:00:00 AM
Grimes,Reba,Zedalis,1/1/0001 12:00:00 AM
Goff,Tracie,Neptide,1/1/0001 12:00:00 AM
Beck,Savannah,Proxsoft,1/1/0001 12:00:00 AM
Sherman,Tameka,Corecom,1/1/0001 12:00:00 AM
Buck,Carlson,Geekol,1/1/0001 12:00:00 AM
Rollins,Susan,Zerbina,1/1/0001 12:00:00 AM
Leach,Campbell,Atgen,1/1/0001 12:00:00 AM
Shepherd,Emerson,Magnina,1/1/0001 12:00:00 AM
Faulkner,Maldonado,Qnekt,1/1/0001 12:00:00 AM
Savage,Callahan,Overplex,1/1/0001 12:00:00 AM
Jenkins,Gomez,Cytrak,1/1/0001 12:00:00 AM
Rosales,Marilyn,Equicom,1/1/0001 12:00:00 AM
Francis,Holland,Exposa,1/1/0001 12:00:00 AM
Rasmussen,Snyder,Andryx,1/1/0001 12:00:00 AM
Bright,Oneal,Goko,1/1/0001 12:00:00 AM
Robinson,Barnes,Confrenzy,1/1/0001 12:00:00 AM
Bartlett,Chase,Terrasys,1/1/0001 12:00:00 AM
Byers,Ada,Portica,1/1/0001 12:00:00 AM
Mckenzie,Bolton,Nurplex,1/1/0001 12:00:00 AM
Weiss,Anderson,Anacho,1/1/0001 12:00:00 AM
Good,Glass,Comstar,1/1/0001 12:00:00 AM
Boone,Imogene,Izzby,1/1/0001 12:00:00 AM
Hobbs,Christina,Cincyr,1/1/0001 12:00:00 AM
Butler,Barton,Inear,1/1/0001 12:00:00 AM
Clemons,Spence,Aclima,1/1/0001 12:00:00 AM
Hewitt,Howell,Strozen,1/1/0001 12:00:00 AM
Finch,Reese,Rocklogic,1/1/0001 12:00:00 AM
Grant,Nikki,Speedbolt,1/1/0001 12:00:00 AM
Whitaker,Levy,Nebulean,1/1/0001 12:00:00 AM
Meyers,Goodwin,Cubicide,1/1/0001 12:00:00 AM
Mercer,Debbie,Vinch,1/1/0001 12:00:00 AM
Raymond,Woodard,Fitcore,1/1/0001 12:00:00 AM
Casey,Judy,Sustenza,1/1/0001 12:00:00 AM
Sheppard,Addie,Miraclis,1/1/0001 12:00:00 AM
Moss,Katina,Toyletry,1/1/0001 12:00:00 AM
Dalton,Marsha,Portico,1/1/0001 12:00:00 AM
Lowery,Kayla,Insectus,1/1/0001 12:00:00 AM
Sawyer,Kramer,Koffee,1/1/0001 12:00:00 AM
Calderon,Wells,Martgo,1/1/0001 12:00:00 AM
Higgins,York,Primordia,1/1/0001 12:00:00 AM
Frye,Richard,Diginetic,1/1/0001 12:00:00 AM
Humphrey,Booker,Zillar,1/1/0001 12:00:00 AM
Giles,Willie,Freakin,1/1/0001 12:00:00 AM
Knox,Nancy,Capscreen,1/1/0001 12:00:00 AM
Ray,Key,Zilodyne,1/1/0001 12:00:00 AM
Henson,Elise,Krog,1/1/0001 12:00:00 AM
Barker,Vonda,Suretech,1/1/0001 12:00:00 AM
Vargas,Lauri,Gynk,1/1/0001 12:00:00 AM
Schultz,Clay,Exozent,1/1/0001 12:00:00 AM
Kelly,Eaton,Codax,1/1/0001 12:00:00 AM
Quinn,Rosa,Frosnex,1/1/0001 12:00:00 AM
Coleman,Karin,Aquasure,1/1/0001 12:00:00 AM
Sanders,Alexandra,Geekus,1/1/0001 12:00:00 AM
Simmons,Meadows,Nexgene,1/1/0001 12:00:00 AM
Hoover,Ratliff,Mondicil,1/1/0001 12:00:00 AM
Hopkins,Hughes,Affluex,1/1/0001 12:00:00 AM
Ochoa,Woods,Verton,1/1/0001 12:00:00 AM
Cotton,Fulton,Aquoavo,1/1/0001 12:00:00 AM
Hurst,Selma,Rugstars,1/1/0001 12:00:00 AM
Christensen,Sutton,Fuelworks,1/1/0001 12:00:00 AM
Davidson,Lara,Kinetica,1/1/0001 12:00:00 AM
Marks,Fisher,Futurity,1/1/0001 12:00:00 AM
Mckee,Cassie,Vitricomp,1/1/0001 12:00:00 AM
Mitchell,Amparo,Zuvy,1/1/0001 12:00:00 AM
Boyer,Wolf,Turnabout,1/1/0001 12:00:00 AM
Pennington,Mcgowan,Accidency,1/1/0001 12:00:00 AM
Green,Valencia,Rodeology,1/1/0001 12:00:00 AM
Britt,Robyn,Zilla,1/1/0001 12:00:00 AM
Gaines,Alford,Bytrex,1/1/0001 12:00:00 AM
Espinoza,Becky,Xsports,1/1/0001 12:00:00 AM
Gross,Anne,Bisba,1/1/0001 12:00:00 AM
Jacobson,Pena,Ultrasure,1/1/0001 12:00:00 AM
Golden,Maryanne,Splinx,1/1/0001 12:00:00 AM
Parsons,Kane,Xerex,1/1/0001 12:00:00 AM
Compton,Noble,Musix,1/1/0001 12:00:00 AM
Glenn,Brittany,Netagy,1/1/0001 12:00:00 AM
Burks,Dixon,Zounds,1/1/0001 12:00:00 AM
Flores,Guy,Entroflex,1/1/0001 12:00:00 AM
Franks,Burris,Multron,1/1/0001 12:00:00 AM
Houston,Leola,Slofast,1/1/0001 12:00:00 AM
Logan,Shaw,Apexia,1/1/0001 12:00:00 AM
Rivers,Barrera,Essensia,1/1/0001 12:00:00 AM
Brewer,Fitzpatrick,Cytrek,1/1/0001 12:00:00 AM
Head,Lolita,Bezal,1/1/0001 12:00:00 AM
Berg,Christian,Polarax,1/1/0001 12:00:00 AM
Curtis,Duran,Keengen,1/1/0001 12:00:00 AM
Preston,Trujillo,Acusage,1/1/0001 12:00:00 AM
Avila,Butler,Kaggle,1/1/0001 12:00:00 AM
Cox,Alta,Mediot,1/1/0001 12:00:00 AM
Patton,Bobbi,Enerforce,1/1/0001 12:00:00 AM
Olsen,Randolph,Zensus,1/1/0001 12:00:00 AM
Patrick,Bentley,Maximind,1/1/0001 12:00:00 AM
Barr,Watkins,Musanpoly,1/1/0001 12:00:00 AM
Morrow,Morgan,Klugger,1/1/0001 12:00:00 AM
Mayo,Mcneil,Isotrack,1/1/0001 12:00:00 AM
Hubbard,Ewing,Ronelon,1/1/0001 12:00:00 AM
Kirkland,Bullock,Jumpstack,1/1/0001 12:00:00 AM
Bernard,Gates,Xth,1/1/0001 12:00:00 AM
Wilder,Cote,Ovolo,1/1/0001 12:00:00 AM
Castro,Vance,Dadabase,1/1/0001 12:00:00 AM
Mathis,Alisha,Medcom,1/1/0001 12:00:00 AM
Petty,Nina,Bolax,1/1/0001 12:00:00 AM
Becker,Knox,Kidgrease,1/1/0001 12:00:00 AM
Reed,Kinney,Tubalum,1/1/0001 12:00:00 AM
Kane,Cheri,Tasmania,1/1/0001 12:00:00 AM
Hall,Sargent,Xanide,1/1/0001 12:00:00 AM
Callahan,Matilda,Velity,1/1/0001 12:00:00 AM
Dunn,Johnson,Biotica,1/1/0001 12:00:00 AM
Mason,Skinner,Liquicom,1/1/0001 12:00:00 AM
Nash,Bass,Gaptec,1/1/0001 12:00:00 AM
Johnston,Jillian,Exoblue,1/1/0001 12:00:00 AM
Hammond,Lorene,Accuprint,1/1/0001 12:00:00 AM
May,Day,Medesign,1/1/0001 12:00:00 AM
Figueroa,Brewer,Comtrak,1/1/0001 12:00:00 AM
Robles,Jeannie,Trasola,1/1/0001 12:00:00 AM
Perkins,Patrick,Bristo,1/1/0001 12:00:00 AM
Mccormick,Mitchell,Comdom,1/1/0001 12:00:00 AM
Valenzuela,Lucy,Bittor,1/1/0001 12:00:00 AM
Cannon,Gayle,Cosmetex,1/1/0001 12:00:00 AM
Browning,Livingston,Endipine,1/1/0001 12:00:00 AM
Sanford,Barr,Rameon,1/1/0001 12:00:00 AM
Gallagher,Evelyn,Imaginart,1/1/0001 12:00:00 AM
Brooks,Ramos,Retrack,1/1/0001 12:00:00 AM
Contreras,Kellie,Geofarm,1/1/0001 12:00:00 AM
Cooper,Douglas,Zepitope,1/1/0001 12:00:00 AM
Johns,Winifred,Kyaguru,1/1/0001 12:00:00 AM
Henry,Cook,Zeam,1/1/0001 12:00:00 AM
Ross,Ophelia,Aquasseur,1/1/0001 12:00:00 AM
Knapp,Kitty,Artiq,1/1/0001 12:00:00 AM
Carson,Tillman,Virxo,1/1/0001 12:00:00 AM
Stevenson,Deana,Surelogic,1/1/0001 12:00:00 AM
Watson,Cruz,Kneedles,1/1/0001 12:00:00 AM
Sargent,Melissa,Assistix,1/1/0001 12:00:00 AM
Smith,Joyce,Teraprene,1/1/0001 12:00:00 AM
Montoya,Alisa,Isosure,1/1/0001 12:00:00 AM
Curry,Sloan,Zilladyne,1/1/0001 12:00:00 AM
Moran,Clark,Rooforia,1/1/0001 12:00:00 AM
Beard,Wagner,Nixelt,1/1/0001 12:00:00 AM
Franklin,Deloris,Valpreal,1/1/0001 12:00:00 AM
Glover,Rivas,Extremo,1/1/0001 12:00:00 AM
Dorsey,Eva,Mantro,1/1/0001 12:00:00 AM
Kirk,Angeline,Buzzmaker,1/1/0001 12:00:00 AM
Jensen,Wallace,Enthaze,1/1/0001 12:00:00 AM
Hodges,Heidi,Interfind,1/1/0001 12:00:00 AM
Rocha,Spears,Solgan,1/1/0001 12:00:00 AM
Bullock,Brandy,Thredz,1/1/0001 12:00:00 AM
Woodard,England,Dognosis,1/1/0001 12:00:00 AM
Santos,Love,Bicol,1/1/0001 12:00:00 AM
Nelson,Burgess,Zaj,1/1/0001 12:00:00 AM
Morton,Phelps,Handshake,1/1/0001 12:00:00 AM
Osborne,Olive,Ecolight,1/1/0001 12:00:00 AM
Velez,Sparks,Bluegrain,1/1/0001 12:00:00 AM
White,James,Suremax,1/1/0001 12:00:00 AM
William,Washington,Phormula,1/1/0001 12:00:00 AM
Pearson,Christian,Helixo,1/1/0001 12:00:00 AM
Carlson,Nola,Comcur,1/1/0001 12:00:00 AM
Cohen,Cathy,Pyramia,1/1/0001 12:00:00 AM
Skinner,Houston,Corpulse,1/1/0001 12:00:00 AM
Oneal,Paulette,Enervate,1/1/0001 12:00:00 AM
Blanchard,Tia,Puria,1/1/0001 12:00:00 AM
Hayden,Natalie,Octocore,1/1/0001 12:00:00 AM
Hatfield,Vega,Uncorp,1/1/0001 12:00:00 AM
Norton,Rhodes,Malathion,1/1/0001 12:00:00 AM
Taylor,Abby,Vurbo,1/1/0001 12:00:00 AM
Jarvis,Stanley,Envire,1/1/0001 12:00:00 AM
Riggs,Simon,Brainclip,1/1/0001 12:00:00 AM
Baker,Maxwell,Concility,1/1/0001 12:00:00 AM
Barrera,Osborn,Remotion,1/1/0001 12:00:00 AM
Young,Davis,Olucore,1/1/0001 12:00:00 AM
Ramirez,Hutchinson,Idealis,1/1/0001 12:00:00 AM
Larson,Prince,Pulze,1/1/0001 12:00:00 AM
Church,Robert,Plasmos,1/1/0001 12:00:00 AM
Lynch,Sonja,Insurity,1/1/0001 12:00:00 AM
Terry,Stephenson,Xymonk,1/1/0001 12:00:00 AM
Winters,Nona,Calcu,1/1/0001 12:00:00 AM
Foster,Price,Automon,1/1/0001 12:00:00 AM
Chaney,Ruth,Zilch,1/1/0001 12:00:00 AM
Hyde,Molly,Datagen,1/1/0001 12:00:00 AM
Trujillo,Hays,Kozgene,1/1/0001 12:00:00 AM
Flowers,Kaitlin,Fibrodyne,1/1/0001 12:00:00 AM
Williams,Greta,Eyewax,1/1/0001 12:00:00 AM
Fulton,Wilda,Orbixtar,1/1/0001 12:00:00 AM
Bowen,Rhoda,Visualix,1/1/0001 12:00:00 AM
Mcfadden,Le,Isonus,1/1/0001 12:00:00 AM
Wooten,Graham,Billmed,1/1/0001 12:00:00 AM
Pugh,Myrtle,Kineticut,1/1/0001 12:00:00 AM
Woods,Erna,Quilk,1/1/0001 12:00:00 AM
Townsend,Sellers,Hometown,1/1/0001 12:00:00 AM
Fuentes,Baldwin,Inquala,1/1/0001 12:00:00 AM
Mooney,Reilly,Xurban,1/1/0001 12:00:00 AM
Delaney,Huber,Genmex,1/1/0001 12:00:00 AM
Oneill,Rosario,Zentix,1/1/0001 12:00:00 AM
Morrison,Mia,Extro,1/1/0001 12:00:00 AM
Blake,Cecile,Realysis,1/1/0001 12:00:00 AM
Bolton,David,Corepan,1/1/0001 12:00:00 AM
Gregory,Jewel,Matrixity,1/1/0001 12:00:00 AM
Wiggins,Nielsen,Xoggle,1/1/0001 12:00:00 AM
Adams,Stanton,Unisure,1/1/0001 12:00:00 AM
Vasquez,Sykes,Inrt,1/1/0001 12:00:00 AM
Snow,Esther,Accufarm,1/1/0001 12:00:00 AM
Phillips,Vickie,Avenetro,1/1/0001 12:00:00 AM
Sharpe,Deanna,Deminimum,1/1/0001 12:00:00 AM
Wallace,Maddox,Powernet,1/1/0001 12:00:00 AM
Weaver,Green,Trollery,1/1/0001 12:00:00 AM
Harmon,Snider,Oceanica,1/1/0001 12:00:00 AM
Cantu,Mcmillan,Sealoud,1/1/0001 12:00:00 AM
Benton,Santana,Acrodance,1/1/0001 12:00:00 AM
Manning,Britt,Comvey,1/1/0001 12:00:00 AM
Burnett,Francisca,Applidec,1/1/0001 12:00:00 AM
Lewis,Trudy,Zilidium,1/1/0001 12:00:00 AM
Bowers,Case,Qaboos,1/1/0001 12:00:00 AM
Burris,Yvette,Kyagoro,1/1/0001 12:00:00 AM
Miles,Joyce,Fossiel,1/1/0001 12:00:00 AM
Morris,Johns,Kog,1/1/0001 12:00:00 AM
Johnson,Cherry,Firewax,1/1/0001 12:00:00 AM
Molina,Jarvis,Rockabye,1/1/0001 12:00:00 AM
Graves,Lidia,Rodeocean,1/1/0001 12:00:00 AM
Holden,Shelley,Centregy,1/1/0001 12:00:00 AM
Griffin,Knowles,Combogene,1/1/0001 12:00:00 AM
Drake,Staci,Venoflex,1/1/0001 12:00:00 AM
Meyer,Saunders,Beadzza,1/1/0001 12:00:00 AM
Dunlap,Teresa,Exiand,1/1/0001 12:00:00 AM
Serrano,Dale,Glukgluk,1/1/0001 12:00:00 AM
Bell,Hazel,Duflex,1/1/0001 12:00:00 AM
Pollard,Summers,Isologics,1/1/0001 12:00:00 AM
Martinez,Jeri,Centree,1/1/0001 12:00:00 AM
Walton,Stevens,Eternis,1/1/0001 12:00:00 AM
Valencia,Teri,Netur,1/1/0001 12:00:00 AM
Coffey,Short,Prowaste,1/1/0001 12:00:00 AM
Meadows,Hester,Kongene,1/1/0001 12:00:00 AM
Barber,Avis,Qualitern,1/1/0001 12:00:00 AM
Riddle,Sandoval,Peticular,1/1/0001 12:00:00 AM
Greer,Dollie,Songlines,1/1/0001 12:00:00 AM
Mills,Frieda,Zolarity,1/1/0001 12:00:00 AM
Puckett,Noel,Singavera,1/1/0001 12:00:00 AM
Porter,Daniel,Quintity,1/1/0001 12:00:00 AM
Daniels,Lessie,Quarex,1/1/0001 12:00:00 AM
Richards,Kate,Delphide,1/1/0001 12:00:00 AM
Dillon,Chambers,Signidyne,1/1/0001 12:00:00 AM
Odonnell,Deanne,Codact,1/1/0001 12:00:00 AM
Chen,Mcbride,Supportal,1/1/0001 12:00:00 AM
Rose,Barbra,Sunclipse,1/1/0001 12:00:00 AM
Dickerson,Ladonna,Netropic,1/1/0001 12:00:00 AM
Garrett,Bender,Zolarex,1/1/0001 12:00:00 AM
Craft,Carson,Kage,1/1/0001 12:00:00 AM
Pacheco,Eunice,Obones,1/1/0001 12:00:00 AM
Harper,Berta,Bulljuice,1/1/0001 12:00:00 AM
Norris,Mcgee,Atomica,1/1/0001 12:00:00 AM
Stanton,Denise,Zanity,1/1/0001 12:00:00 AM
Stein,Elaine,Wazzu,1/1/0001 12:00:00 AM
Velasquez,Frankie,Pholio,1/1/0001 12:00:00 AM
Navarro,Debra,Enersave,1/1/0001 12:00:00 AM
Phelps,Gale,Insource,1/1/0001 12:00:00 AM
Delgado,Anna,Bostonic,1/1/0001 12:00:00 AM
Lyons,Rios,Enomen,1/1/0001 12:00:00 AM
Hendrix,Russell,Proflex,1/1/0001 12:00:00 AM
Moody,Reyna,Unia,1/1/0001 12:00:00 AM
Castillo,Vivian,Darwinium,1/1/0001 12:00:00 AM
Black,Cooley,Liquidoc,1/1/0001 12:00:00 AM
Austin,Dean,Reversus,1/1/0001 12:00:00 AM
Kline,Rich,Eclipto,1/1/0001 12:00:00 AM
Simpson,Jimenez,Bitrex,1/1/0001 12:00:00 AM
English,Juarez,Snips,1/1/0001 12:00:00 AM
Cardenas,Tanisha,Slax,1/1/0001 12:00:00 AM
Heath,Sullivan,Zoxy,1/1/0001 12:00:00 AM
Herman,Tammy,Pyramis,1/1/0001 12:00:00 AM
Nixon,Ashley,Kongle,1/1/0001 12:00:00 AM
Ortega,Letha,Zork,1/1/0001 12:00:00 AM
Mathews,Mccarthy,Cablam,1/1/0001 12:00:00 AM
Melton,Lora,Exospeed,1/1/0001 12:00:00 AM
Best,Herring,Netplode,1/1/0001 12:00:00 AM
Collier,Kelli,Cormoran,1/1/0001 12:00:00 AM
Campbell,Mayer,Emtrak,1/1/0001 12:00:00 AM
Carter,Petty,Assitia,1/1/0001 12:00:00 AM
Simon,Angel,Equitox,1/1/0001 12:00:00 AM
Kim,Arlene,Quantasis,1/1/0001 12:00:00 AM
Doyle,Dianne,Zolavo,1/1/0001 12:00:00 AM
Bradshaw,Lea,Petigems,1/1/0001 12:00:00 AM
Bowman,Pratt,Lyrichord,1/1/0001 12:00:00 AM
Lucas,Mcpherson,Papricut,1/1/0001 12:00:00 AM
Blair,Isabelle,Intrawear,1/1/0001 12:00:00 AM
Riley,Harrington,Poshome,1/1/0001 12:00:00 AM
Chavez,Duke,Pyrami,1/1/0001 12:00:00 AM
Wagner,Yates,Anivet,1/1/0001 12:00:00 AM
Wilkerson,Barry,Aquafire,1/1/0001 12:00:00 AM
Ingram,Marta,Medmex,1/1/0001 12:00:00 AM
Armstrong,Jeannette,Cinaster,1/1/0001 12:00:00 AM
Ewing,Bean,Pharmacon,1/1/0001 12:00:00 AM
Trevino,Buck,Isologia,1/1/0001 12:00:00 AM
Ball,Sharlene,Kidstock,1/1/0001 12:00:00 AM
Bonner,Bernice,Mazuda,1/1/0001 12:00:00 AM
Fuller,Nannie,Intradisk,1/1/0001 12:00:00 AM
Jimenez,Rasmussen,Manufact,1/1/0001 12:00:00 AM
Conway,Callie,Paragonia,1/1/0001 12:00:00 AM
Fowler,Marla,Pivitol,1/1/0001 12:00:00 AM
Guy,Bond,Zoinage,1/1/0001 12:00:00 AM
Fitzgerald,Tiffany,Quilm,1/1/0001 12:00:00 AM
Moon,Melva,Eweville,1/1/0001 12:00:00 AM
Salinas,Mcdowell,Nutralab,1/1/0001 12:00:00 AM
Hayes,Morgan,Exostream,1/1/0001 12:00:00 AM
Stone,Emma,Dancerity,1/1/0001 12:00:00 AM
Nicholson,Renee,Anocha,1/1/0001 12:00:00 AM
Berger,Carol,Telepark,1/1/0001 12:00:00 AM
Burt,Henry,Skinserve,1/1/0001 12:00:00 AM
Wyatt,Elva,Kiosk,1/1/0001 12:00:00 AM
Jennings,Haley,Geoform,1/1/0001 12:00:00 AM
Reynolds,Suzanne,Rubadub,1/1/0001 12:00:00 AM
Clark,Jodie,Stockpost,1/1/0001 12:00:00 AM
Rivera,Latonya,Zidant,1/1/0001 12:00:00 AM
Travis,Ilene,Comtours,1/1/0001 12:00:00 AM
Stewart,Montgomery,Waterbaby,1/1/0001 12:00:00 AM
Wolf,Mallory,Terragen,1/1/0001 12:00:00 AM
Estrada,Violet,Zialactic,1/1/0001 12:00:00 AM
Lawrence,Stacie,Rodemco,1/1/0001 12:00:00 AM
Cline,Aline,Snowpoke,1/1/0001 12:00:00 AM
Spears,Whitley,Amril,1/1/0001 12:00:00 AM
Adkins,Liliana,Furnigeer,1/1/0001 12:00:00 AM
Lang,Gamble,Snacktion,1/1/0001 12:00:00 AM
Byrd,Osborne,Jamnation,1/1/0001 12:00:00 AM
Lancaster,Holcomb,Exodoc,1/1/0001 12:00:00 AM
Osborn,Myers,Exoteric,1/1/0001 12:00:00 AM
Booker,Graves,Isostream,1/1/0001 12:00:00 AM
Cherry,Melba,Boink,1/1/0001 12:00:00 AM
David,Hurley,Ecrater,1/1/0001 12:00:00 AM
Baird,Lindsay,Tropolis,1/1/0001 12:00:00 AM
Reilly,Erica,Hatology,1/1/0001 12:00:00 AM
Farley,Morton,Comcubine,1/1/0001 12:00:00 AM
Strong,Ashley,Flotonic,1/1/0001 12:00:00 AM
Dean,Mccall,Boilicon,1/1/0001 12:00:00 AM
Noel,Cotton,Earthpure,1/1/0001 12:00:00 AM
Cantrell,Hester,Irack,1/1/0001 12:00:00 AM
Hunter,Baker,Collaire,1/1/0001 12:00:00 AM
Davis,Chan,Futurize,1/1/0001 12:00:00 AM
Wall,Mccarty,Emoltra,1/1/0001 12:00:00 AM
Mullen,Victoria,Oronoko,1/1/0001 12:00:00 AM
Beach,Jo,Avit,1/1/0001 12:00:00 AM
Landry,Spencer,Quordate,1/1/0001 12:00:00 AM
Whitfield,Jocelyn,Geekfarm,1/1/0001 12:00:00 AM
Baxter,Lucas,Printspan,1/1/0001 12:00:00 AM
Mendoza,Holder,Comveyer,1/1/0001 12:00:00 AM
Mercado,Gillespie,Unq,1/1/0001 12:00:00 AM
Welch,Strickland,Biohab,1/1/0001 12:00:00 AM
Orr,Amelia,Prosure,1/1/0001 12:00:00 AM
Pace,Colleen,Zaggles,1/1/0001 12:00:00 AM
Barrett,Alexandria,Progenex,1/1/0001 12:00:00 AM
Webb,Kathleen,Medicroix,1/1/0001 12:00:00 AM
Holloway,Rice,Bedder,1/1/0001 12:00:00 AM
Zamora,Lori,Zboo,1/1/0001 12:00:00 AM
Davenport,Armstrong,Squish,1/1/0001 12:00:00 AM
Moses,Melendez,Bovis,1/1/0001 12:00:00 AM
Albert,Christa,Flexigen,1/1/0001 12:00:00 AM
Dawson,Tricia,Ontagene,1/1/0001 12:00:00 AM
Rowland,Robin,Zanilla,1/1/0001 12:00:00 AM
Hickman,Roth,Talae,1/1/0001 12:00:00 AM
Bender,Stephens,Isologix,1/1/0001 12:00:00 AM
Chapman,Marie,Artworlds,1/1/0001 12:00:00 AM
Case,Velez,Endicil,1/1/0001 12:00:00 AM
Frank,Hess,Tetratrex,1/1/0001 12:00:00 AM
Lamb,Kristi,Typhonica,1/1/0001 12:00:00 AM
Rhodes,Karen,Isodrive,1/1/0001 12:00:00 AM
Sandoval,Marjorie,Locazone,1/1/0001 12:00:00 AM
Combs,Katie,Mangelica,1/1/0001 12:00:00 AM
Herrera,Buckley,Maroptic,1/1/0001 12:00:00 AM
Acosta,Calderon,Dogspa,1/1/0001 12:00:00 AM
Everett,Jami,Zipak,1/1/0001 12:00:00 AM
Turner,Holman,Exosis,1/1/0001 12:00:00 AM
Stout,Elliott,Orbalix,1/1/0001 12:00:00 AM
Jacobs,Daniels,Pearlesex,1/1/0001 12:00:00 AM
Alford,Minnie,Neteria,1/1/0001 12:00:00 AM
Webster,Blevins,Zaphire,1/1/0001 12:00:00 AM
Kramer,Beth,Evidends,1/1/0001 12:00:00 AM
Garner,Lana,Cosmosis,1/1/0001 12:00:00 AM
Carroll,Lenora,Ronbert,1/1/0001 12:00:00 AM
Bates,Evangeline,Fortean,1/1/0001 12:00:00 AM
Rios,Oliver,Otherway,1/1/0001 12:00:00 AM
Barnett,Garrett,Besto,1/1/0001 12:00:00 AM
Wade,Penelope,Dyno,1/1/0001 12:00:00 AM
Patel,Ana,Incubus,1/1/0001 12:00:00 AM
Lopez,Gena,Obliq,1/1/0001 12:00:00 AM
Sellers,Gina,Isopop,1/1/0001 12:00:00 AM
Snider,Rhea,Comveyor,1/1/0001 12:00:00 AM
Mcintosh,Hatfield,Cogentry,1/1/0001 12:00:00 AM
Kerr,Maryann,Globoil,1/1/0001 12:00:00 AM
Harrison,Fay,Animalia,1/1/0001 12:00:00 AM
Wood,Cora,Isotronic,1/1/0001 12:00:00 AM
Bass,Sophia,Makingway,1/1/0001 12:00:00 AM
Guerrero,Marquez,Waretel,1/1/0001 12:00:00 AM
Cobb,Stone,Hivedom,1/1/0001 12:00:00 AM
Livingston,Nita,Equitax,1/1/0001 12:00:00 AM
Chandler,Megan,Fishland,1/1/0001 12:00:00 AM
Bean,Vicky,Melbacor,1/1/0001 12:00:00 AM
Pruitt,Clarke,Zomboid,1/1/0001 12:00:00 AM
Morales,Bowers,Quilch,1/1/0001 12:00:00 AM
Bailey,Sheri,Earthwax,1/1/0001 12:00:00 AM
Potter,Kristie,Qimonk,1/1/0001 12:00:00 AM
Irwin,Page,Terascape,1/1/0001 12:00:00 AM
Kemp,Fern,Zentry,1/1/0001 12:00:00 AM
Allison,Tanner,Softmicro,1/1/0001 12:00:00 AM
Holt,Bridgett,Farmage,1/1/0001 12:00:00 AM
Carrillo,Ferguson,Geekko,1/1/0001 12:00:00 AM
Velazquez,Elisabeth,Zoarere,1/1/0001 12:00:00 AM
Stuart,Lois,Omnigog,1/1/0001 12:00:00 AM
Collins,Miles,Zillan,1/1/0001 12:00:00 AM
Key,Valerie,Cubix,1/1/0001 12:00:00 AM
Robbins,Pruitt,Metroz,1/1/0001 12:00:00 AM
Bruce,Mcdaniel,Zillanet,1/1/0001 12:00:00 AM
Hanson,Gibbs,Extrawear,1/1/0001 12:00:00 AM
Branch,Tami,Everest,1/1/0001 12:00:00 AM
Goodman,Barrett,Pheast,1/1/0001 12:00:00 AM
Hicks,Ward,Ecosys,1/1/0001 12:00:00 AM
Carney,Mildred,Naxdis,1/1/0001 12:00:00 AM
Love,Jerri,Panzent,1/1/0001 12:00:00 AM
Witt,Shepherd,Mixers,1/1/0001 12:00:00 AM
Alexander,English,Enaut,1/1/0001 12:00:00 AM
Myers,Barbara,Quadeebo,1/1/0001 12:00:00 AM
Mosley,Durham,Zentime,1/1/0001 12:00:00 AM
Knight,Krista,Poochies,1/1/0001 12:00:00 AM
Hansen,Sherrie,Enersol,1/1/0001 12:00:00 AM
Camacho,Bettye,Biospan,1/1/0001 12:00:00 AM
Mccullough,Mcfadden,Comvene,1/1/0001 12:00:00 AM
Odom,Annette,Limage,1/1/0001 12:00:00 AM
Thornton,Brennan,Rodeomad,1/1/0001 12:00:00 AM
Wong,Dawson,Omatom,1/1/0001 12:00:00 AM
Guerra,Kathrine,Geekosis,1/1/0001 12:00:00 AM
Solomon,Bridget,Comvex,1/1/0001 12:00:00 AM
Chase,Lucille,Xinware,1/1/0001 12:00:00 AM
Hester,Rodriquez,Navir,1/1/0001 12:00:00 AM
Brady,Cabrera,Repetwire,1/1/0001 12:00:00 AM
Burch,Schultz,Chorizon,1/1/0001 12:00:00 AM
Hudson,Richmond,Brainquil,1/1/0001 12:00:00 AM
Mckay,Curtis,Minga,1/1/0001 12:00:00 AM
Zimmerman,Hansen,Optyk,1/1/0001 12:00:00 AM
Steele,Patton,Recrisys,1/1/0001 12:00:00 AM
Valdez,Tammi,Cemention,1/1/0001 12:00:00 AM
Lawson,Jenkins,Konnect,1/1/0001 12:00:00 AM
Wells,Macias,Exovent,1/1/0001 12:00:00 AM
Kennedy,Gracie,Orbean,1/1/0001 12:00:00 AM
Mccall,Camacho,Pathways,1/1/0001 12:00:00 AM
Nieves,Kathryn,Uxmox,1/1/0001 12:00:00 AM
Mcgowan,Jennie,Mobildata,1/1/0001 12:00:00 AM
Rice,Susie,Flumbo,1/1/0001 12:00:00 AM
Sims,Hamilton,Geekology,1/1/0001 12:00:00 AM
Nielsen,Josefa,Zinca,1/1/0001 12:00:00 AM
Lloyd,Rosemary,Joviold,1/1/0001 12:00:00 AM
Farmer,Nichole,Zillidium,1/1/0001 12:00:00 AM
Holcomb,Wall,Furnitech,1/1/0001 12:00:00 AM
Strickland,Justine,Ecratic,1/1/0001 12:00:00 AM
Powell,Marshall,Lunchpod,1/1/0001 12:00:00 AM
Diaz,Gertrude,Zentury,1/1/0001 12:00:00 AM
Carey,Anthony,Illumity,1/1/0001 12:00:00 AM
Ward,Harriet,Waab,1/1/0001 12:00:00 AM
Alston,Elvira,Furnafix,1/1/0001 12:00:00 AM
Romero,Murphy,Earwax,1/1/0001 12:00:00 AM
Cunningham,Jenifer,Polarium,1/1/0001 12:00:00 AM
Allen,Nanette,Spherix,1/1/0001 12:00:00 AM
Maddox,Hicks,Interodeo,1/1/0001 12:00:00 AM
Shepard,Lorena,Datagene,1/1/0001 12:00:00 AM
Weber,Small,Katakana,1/1/0001 12:00:00 AM
Donaldson,Bonita,Synkgen,1/1/0001 12:00:00 AM
Tran,Holt,Solaren,1/1/0001 12:00:00 AM
Mclean,Lenore,Uplinx,1/1/0001 12:00:00 AM
Malone,Cervantes,Sonique,1/1/0001 12:00:00 AM
Villarreal,Virginia,Comtent,1/1/0001 12:00:00 AM
Benjamin,Torres,Orbaxter,1/1/0001 12:00:00 AM
Anthony,Earline,Lunchpad,1/1/0001 12:00:00 AM
Estes,Estes,Quility,1/1/0001 12:00:00 AM
Spencer,Blanca,Jasper,1/1/0001 12:00:00 AM
Lambert,Dalton,Virva,1/1/0001 12:00:00 AM
Hardin,Essie,Signity,1/1/0001 12:00:00 AM
Waller,Stewart,Zenolux,1/1/0001 12:00:00 AM
Maynard,Janis,Sarasonic,1/1/0001 12:00:00 AM
Mendez,Ball,Vixo,1/1/0001 12:00:00 AM
Scott,Sue,Kengen,1/1/0001 12:00:00 AM
Campos,Charlotte,Zilencio,1/1/0001 12:00:00 AM
Blackburn,Sharp,Zaya,1/1/0001 12:00:00 AM
Goodwin,Patrica,Gleamink,1/1/0001 12:00:00 AM
Mccarthy,Rosie,Colaire,1/1/0001 12:00:00 AM
Conrad,Rosalyn,Elita,1/1/0001 12:00:00 AM
Vance,Bryan,Quiltigen,1/1/0001 12:00:00 AM
Briggs,Abigail,Gonkle,1/1/0001 12:00:00 AM
Crosby,Pearlie,Zogak,1/1/0001 12:00:00 AM
Kidd,Richards,Emtrac,1/1/0001 12:00:00 AM
Cook,Judith,Iplax,1/1/0001 12:00:00 AM
Sullivan,Workman,Assurity,1/1/0001 12:00:00 AM
Copeland,Katelyn,Cofine,1/1/0001 12:00:00 AM
Gonzalez,Carolyn,Optique,1/1/0001 12:00:00 AM
Marquez,Ortiz,Junipoor,1/1/0001 12:00:00 AM
Finley,Perez,Dreamia,1/1/0001 12:00:00 AM
Freeman,Janet,Decratex,1/1/0001 12:00:00 AM
Jones,Hawkins,Perkle,1/1/0001 12:00:00 AM
Soto,Jordan,Gology,1/1/0001 12:00:00 AM
Hood,Mckinney,Plasmosis,1/1/0001 12:00:00 AM
Nichols,Downs,Tourmania,1/1/0001 12:00:00 AM
Kirby,Tracy,Barkarama,1/1/0001 12:00:00 AM
Vinson,Britney,Immunics,1/1/0001 12:00:00 AM
Castaneda,Polly,Viagreat,1/1/0001 12:00:00 AM
Mcneil,Campos,Zizzle,1/1/0001 12:00:00 AM
Haley,Jimmie,Deviltoe,1/1/0001 12:00:00 AM
Griffith,Fleming,Exotechno,1/1/0001 12:00:00 AM
Rich,Brandie,Senmei,1/1/0001 12:00:00 AM
Lara,Maryellen,Flum,1/1/0001 12:00:00 AM
Alvarado,Milagros,Austech,1/1/0001 12:00:00 AM
Brown,Hampton,Amtap,1/1/0001 12:00:00 AM
Bird,Giles,Visalia,1/1/0001 12:00:00 AM
Gutierrez,Stuart,Norali,1/1/0001 12:00:00 AM
Shelton,Rita,Ramjob,1/1/0001 12:00:00 AM
Garza,Doreen,Egypto,1/1/0001 12:00:00 AM
Harris,Dillon,Namegen,1/1/0001 12:00:00 AM
Barron,Olga,Renovize,1/1/0001 12:00:00 AM
Fisher,Watts,Vortexaco,1/1/0001 12:00:00 AM
Schneider,Beverley,Luxuria,1/1/0001 12:00:00 AM
Macias,Schneider,Anixang,1/1/0001 12:00:00 AM
Huber,Newton,Quotezart,1/1/0001 12:00:00 AM
Baldwin,Brandi,Qot,1/1/0001 12:00:00 AM
Durham,Bowman,Shadease,1/1/0001 12:00:00 AM
Leon,Chelsea,Candecor,1/1/0001 12:00:00 AM
Ruiz,Mcfarland,Acumentor,1/1/0001 12:00:00 AM
Pierce,Bette,Gogol,1/1/0001 12:00:00 AM
Kelley,Janell,Xyqag,1/1/0001 12:00:00 AM
Rutledge,Louisa,Insuresys,1/1/0001 12:00:00 AM
Reeves,Lester,Knowlysis,1/1/0001 12:00:00 AM
Summers,Beatriz,Bleeko,1/1/0001 12:00:00 AM
Gilbert,Mcconnell,Talendula,1/1/0001 12:00:00 AM
Le,Justice,Isoternia,1/1/0001 12:00:00 AM
Yates,Barnett,Geeknet,1/1/0001 12:00:00 AM
Slater,Chandler,Crustatia,1/1/0001 12:00:00 AM
Shannon,Mays,Infotrips,1/1/0001 12:00:00 AM
Mccarty,Drake,Urbanshee,1/1/0001 12:00:00 AM
Boyle,Lesley,Gazak,1/1/0001 12:00:00 AM
Fischer,Jensen,Gadtron,1/1/0001 12:00:00 AM
Gates,Julie,Eplode,1/1/0001 12:00:00 AM
Sweet,Katheryn,Quantalia,1/1/0001 12:00:00 AM
Conner,Leila,Quizka,1/1/0001 12:00:00 AM
Mcmillan,Lopez,Indexia,1/1/0001 12:00:00 AM
Shaw,Sheryl,Zanymax,1/1/0001 12:00:00 AM
Avery,Charlene,Earthmark,1/1/0001 12:00:00 AM
Donovan,Angelia,Neocent,1/1/0001 12:00:00 AM
Daniel,Garcia,Escenta,1/1/0001 12:00:00 AM
Franco,Knapp,Pharmex,1/1/0001 12:00:00 AM
Luna,Beryl,Undertap,1/1/0001 12:00:00 AM
Fields,Chavez,Duoflex,1/1/0001 12:00:00 AM
Horton,Fuentes,Lovepad,1/1/0001 12:00:00 AM
Mcpherson,Hancock,Coriander,1/1/0001 12:00:00 AM
Arnold,Ingram,Gorganic,1/1/0001 12:00:00 AM
Barton,Elba,Satiance,1/1/0001 12:00:00 AM
Wise,Huffman,Shopabout,1/1/0001 12:00:00 AM
Boyd,Hollie,Kenegy,1/1/0001 12:00:00 AM
Charles,Mckay,Datacator,1/1/0001 12:00:00 AM
Glass,Heath,Isosphere,1/1/0001 12:00:00 AM
Fernandez,Hooper,Centuria,1/1/0001 12:00:00 AM
Mann,Vang,Rotodyne,1/1/0001 12:00:00 AM
Sykes,Thelma,Techade,1/1/0001 12:00:00 AM
Colon,Maude,Comfirm,1/1/0001 12:00:00 AM
Roach,Amalia,Interloo,1/1/0001 12:00:00 AM
Park,Isabella,Ecstasia,1/1/0001 12:00:00 AM
Bray,Avery,Zorromop,1/1/0001 12:00:00 AM
Whitley,Dorsey,Injoy,1/1/0001 12:00:00 AM
Snyder,Priscilla,Neurocell,1/1/0001 12:00:00 AM
Gilliam,Jackson,Elpro,1/1/0001 12:00:00 AM
Brock,Pollard,Chillium,1/1/0001 12:00:00 AM
Pope,Agnes,Motovate,1/1/0001 12:00:00 AM
Gibson,Melody,Buzzworks,1/1/0001 12:00:00 AM
Haney,Burch,Mitroc,1/1/0001 12:00:00 AM
Duncan,Franklin,Olympix,1/1/0001 12:00:00 AM
Shields,Sawyer,Endipin,1/1/0001 12:00:00 AM
Downs,Darla,Oulu,1/1/0001 12:00:00 AM
Ayala,Ruiz,Netility,1/1/0001 12:00:00 AM
Burton,Olson,Maxemia,1/1/0001 12:00:00 AM
Foreman,Herman,Digiprint,1/1/0001 12:00:00 AM
King,Julia,Callflex,1/1/0001 12:00:00 AM
Sharp,Mcclure,Quinex,1/1/0001 12:00:00 AM
Oliver,Lesa,Entropix,1/1/0001 12:00:00 AM
James,Martin,Fleetmix,1/1/0001 12:00:00 AM
Richardson,Rutledge,Slumberia,1/1/0001 12:00:00 AM
Alvarez,Brown,Exospace,1/1/0001 12:00:00 AM
Hodge,Ingrid,Recognia,1/1/0001 12:00:00 AM
Jackson,Donna,Opportech,1/1/0001 12:00:00 AM
Michael,Melinda,Zilphur,1/1/0001 12:00:00 AM
Richmond,Willa,Letpro,1/1/0001 12:00:00 AM
Cervantes,Steele,Netplax,1/1/0001 12:00:00 AM
Gay,Mann,Qiao,1/1/0001 12:00:00 AM
Lowe,Malinda,Netbook,1/1/0001 12:00:00 AM
Buchanan,Annmarie,Zensure,1/1/0001 12:00:00 AM
Hooper,Copeland,Comverges,1/1/0001 12:00:00 AM
Bond,Wolfe,Uniworld,1/1/0001 12:00:00 AM
Brennan,Frederick,Veraq,1/1/0001 12:00:00 AM
Buckley,Oneil,Genesynk,1/1/0001 12:00:00 AM
House,Guthrie,Marvane,1/1/0001 12:00:00 AM
Berry,Neal,Grupoli,1/1/0001 12:00:00 AM
Justice,Marcia,Telpod,1/1/0001 12:00:00 AM
Gould,Ray,Comvoy,1/1/0001 12:00:00 AM
Joyner,Cleo,Zytrac,1/1/0001 12:00:00 AM
Bradley,Perry,Manglo,1/1/0001 12:00:00 AM
Mejia,Deirdre,Marketoid,1/1/0001 12:00:00 AM
Mcdonald,Baxter,Eschoir,1/1/0001 12:00:00 AM
Pratt,Haney,Magneato,1/1/0001 12:00:00 AM
Gill,Nettie,Viagrand,1/1/0001 12:00:00 AM
Guzman,Dianna,Steeltab,1/1/0001 12:00:00 AM
Wolfe,Parker,Zytrex,1/1/0001 12:00:00 AM
Ratliff,Scott,Tetak,1/1/0001 12:00:00 AM
Hamilton,Adeline,Vertide,1/1/0001 12:00:00 AM
Newman,Knight,Fangold,1/1/0001 12:00:00 AM
Salas,Cannon,Talkola,1/1/0001 12:00:00 AM
Duke,Logan,Yogasm,1/1/0001 12:00:00 AM
Barry,Nelson,Autograte,1/1/0001 12:00:00 AM
Talley,Mayra,Macronaut,1/1/0001 12:00:00 AM
Duffy,Keith,Adornica,1/1/0001 12:00:00 AM
Decker,Rowland,Daycore,1/1/0001 12:00:00 AM
Nolan,Kara,Springbee,1/1/0001 12:00:00 AM
Horne,Kemp,Zosis,1/1/0001 12:00:00 AM
Mcclure,Emilia,Nurali,1/1/0001 12:00:00 AM
Obrien,Jeannine,Kegular,1/1/0001 12:00:00 AM
Ballard,Trina,Enjola,1/1/0001 12:00:00 AM
Pena,Norris,Isoswitch,1/1/0001 12:00:00 AM
Roy,Kirkland,Multiflex,1/1/0001 12:00:00 AM
Fleming,Elena,Amtas,1/1/0001 12:00:00 AM
Levy,Langley,Blurrybus,1/1/0001 12:00:00 AM
Howe,Margret,Talkalot,1/1/0001 12:00:00 AM
Silva,Robles,Homelux,1/1/0001 12:00:00 AM
Workman,Castillo,Savvy,1/1/0001 12:00:00 AM
Gonzales,Velasquez,Ziggles,1/1/0001 12:00:00 AM
Mcgee,Hebert,Ewaves,1/1/0001 12:00:00 AM
Cummings,Newman,Nitracyr,1/1/0001 12:00:00 AM
Tucker,Tonya,Namebox,1/1/0001 12:00:00 AM
Holmes,Bridgette,Exoplode,1/1/0001 12:00:00 AM
Andrews,Roy,Portalis,1/1/0001 12:00:00 AM
Gamble,Cheryl,Grok,1/1/0001 12:00:00 AM
Martin,Sears,Cedward,1/1/0001 12:00:00 AM
Hinton,Jacqueline,Tubesys,1/1/0001 12:00:00 AM
Bryant,Marsh,Buzzopia,1/1/0001 12:00:00 AM
Stark,Moon,Conjurica,1/1/0001 12:00:00 AM
Hughes,Jennings,Enquility,1/1/0001 12:00:00 AM
Morse,Burks,Bitendrex,1/1/0001 12:00:00 AM
Nunez,Dickerson,Imageflow,1/1/0001 12:00:00 AM
Rosa,Lacey,Euron,1/1/0001 12:00:00 AM
Lester,Winters,Dancity,1/1/0001 12:00:00 AM
Blankenship,Jill,Ontality,1/1/0001 12:00:00 AM
Rodgers,Kendra,Insurety,1/1/0001 12:00:00 AM
Reyes,Walker,Zensor,1/1/0001 12:00:00 AM
Monroe,Mack,Hinway,1/1/0001 12:00:00 AM
Hahn,Mcknight,Opticall,1/1/0001 12:00:00 AM
Roth,Elisa,Extragene,1/1/0001 12:00:00 AM
Frazier,Maritza,Hotcakes,1/1/0001 12:00:00 AM
Gibbs,Louella,Digique,1/1/0001 12:00:00 AM
Garcia,Townsend,Protodyne,1/1/0001 12:00:00 AM
Atkinson,Katherine,Aquacine,1/1/0001 12:00:00 AM
Lee,Cooke,Polaria,1/1/0001 12:00:00 AM
York,Eleanor,Fanfare,1/1/0001 12:00:00 AM
Vang,Anita,Biolive,1/1/0001 12:00:00 AM
Vazquez,Roberts,Zaggle,1/1/0001 12:00:00 AM
Hebert,Hickman,Housedown,1/1/0001 12:00:00 AM
Benson,Luella,Combogen,1/1/0001 12:00:00 AM
Vaughan,Elsie,Soprano,1/1/0001 12:00:00 AM
Howard,Earnestine,Comtrek,1/1/0001 12:00:00 AM
Hull,Terry,Rockyard,1/1/0001 12:00:00 AM
Dale,Twila,Lyria,1/1/0001 12:00:00 AM
Bennett,Jacobson,Uni,1/1/0001 12:00:00 AM
Tyler,Terrell,Dogtown,1/1/0001 12:00:00 AM
Bridges,Moran,Accusage,1/1/0001 12:00:00 AM
Russell,Sheila,Remold,1/1/0001 12:00:00 AM
Gallegos,Miller,Baluba,1/1/0001 12:00:00 AM
Spence,Acosta,Geeketron,1/1/0001 12:00:00 AM
Langley,Mcintyre,Eventage,1/1/0001 12:00:00 AM
Walter,Lancaster,Jimbies,1/1/0001 12:00:00 AM
Battle,Rae,Volax,1/1/0001 12:00:00 AM
Acevedo,Dolly,Nipaz,1/1/0001 12:00:00 AM
Cole,Santos,Golistic,1/1/0001 12:00:00 AM
Rosario,Allyson,Nspire,1/1/0001 12:00:00 AM
Fox,Ayers,Cipromox,1/1/0001 12:00:00 AM
Solis,Lynn,Zerology,1/1/0001 12:00:00 AM
Levine,Hoffman,Medifax,1/1/0001 12:00:00 AM
Walker,Perkins,Microluxe,1/1/0001 12:00:00 AM
Whitehead,Herminia,Pasturia,1/1/0001 12:00:00 AM
Russo,Leanna,Grainspot,1/1/0001 12:00:00 AM
Clarke,Villarreal,Tersanki,1/1/0001 12:00:00 AM
Blevins,Hodges,Pyramax,1/1/0001 12:00:00 AM
Sexton,Kirk,Quailcom,1/1/0001 12:00:00 AM
Harrell,Sanchez,Biflex,1/1/0001 12:00:00 AM
Hancock,Clarissa,Centice,1/1/0001 12:00:00 AM
Todd,Loretta,Eplosion,1/1/0001 12:00:00 AM
Huffman,Brenda,Magnemo,1/1/0001 12:00:00 AM
Ashley,Minerva,Honotron,1/1/0001 12:00:00 AM
Randall,Carmela,Ersum,1/1/0001 12:00:00 AM
Sparks,Faulkner,Retrotex,1/1/0001 12:00:00 AM
Tate,Magdalena,Strezzo,1/1/0001 12:00:00 AM
Bauer,Calhoun,Vidto,1/1/0001 12:00:00 AM
Vincent,Latoya,Zentia,1/1/0001 12:00:00 AM
Hernandez,Carmella,Tripsch,1/1/0001 12:00:00 AM
Pitts,Grimes,Comtrail,1/1/0001 12:00:00 AM
Gillespie,Molina,Voipa,1/1/0001 12:00:00 AM
Rodriguez,Tamika,Inventure,1/1/0001 12:00:00 AM
Bryan,Cobb,Orbin,1/1/0001 12:00:00 AM
Kent,Meagan,Ezentia,1/1/0001 12:00:00 AM
Roberts,Angelita,Geeky,1/1/0001 12:00:00 AM
Wilkinson,Soto,Sequitur,1/1/0001 12:00:00 AM
Chambers,Lou,Zyple,1/1/0001 12:00:00 AM
Ferrell,Florence,Zytrek,1/1/0001 12:00:00 AM
Richard,Frank,Comtest,1/1/0001 12:00:00 AM
Schwartz,Berger,Buzzness,1/1/0001 12:00:00 AM
Hunt,Delores,Spacewax,1/1/0001 12:00:00 AM
Barnes,Marguerite,Xumonk,1/1/0001 12:00:00 AM
Rogers,Tasha,Nikuda,1/1/0001 12:00:00 AM
Little,Gay,Digifad,1/1/0001 12:00:00 AM
Noble,Gilmore,Centrexin,1/1/0001 12:00:00 AM
Clayton,Lang,Andershun,1/1/0001 12:00:00 AM
Cain,Montoya,Tribalog,1/1/0001 12:00:00 AM
Mullins,Simone,Comstruct,1/1/0001 12:00:00 AM
Watkins,Sanders,Xeronk,1/1/0001 12:00:00 AM
Mueller,Tanya,Organica,1/1/0001 12:00:00 AM
Cross,Chang,Emergent,1/1/0001 12:00:00 AM
Floyd,Margaret,Isoplex,1/1/0001 12:00:00 AM
Fry,Rene,Orboid,1/1/0001 12:00:00 AM
Craig,Rodriguez,Momentia,1/1/0001 12:00:00 AM
Woodward,Manning,Utarian,1/1/0001 12:00:00 AM
Suarez,Johnston,Norsul,1/1/0001 12:00:00 AM
Stephenson,Francis,Gracker,1/1/0001 12:00:00 AM
Thomas,Foley,Glasstep,1/1/0001 12:00:00 AM
Gray,Carrillo,Ovium,1/1/0001 12:00:00 AM
Olson,Serrano,Zenco,1/1/0001 12:00:00 AM
Madden,Waters,Jetsilk,1/1/0001 12:00:00 AM
Torres,Lara,Danja,1/1/0001 12:00:00 AM
Dotson,Florine,Franscene,1/1/0001 12:00:00 AM
Frederick,Mavis,Sensate,1/1/0001 12:00:00 AM
Cote,Etta,Quizmo,1/1/0001 12:00:00 AM
Owens,Robbins,Keeg,1/1/0001 12:00:00 AM
Knowles,Aurora,Tropoli,1/1/0001 12:00:00 AM
Merritt,Meghan,Digigene,1/1/0001 12:00:00 AM
Morin,Mejia,Geekular,1/1/0001 12:00:00 AM
Owen,Howe,Prismatic,1/1/0001 12:00:00 AM
Watts,Lula,Plasto,1/1/0001 12:00:00 AM
Mcintyre,Witt,Photobin,1/1/0001 12:00:00 AM
Maldonado,Sanford,Hydrocom,1/1/0001 12:00:00 AM
Sosa,Kennedy,Viocular,1/1/0001 12:00:00 AM
Payne,Keisha,Digirang,1/1/0001 12:00:00 AM
Maxwell,Peck,Aquazure,1/1/0001 12:00:00 AM
Juarez,Kirsten,Hyplex,1/1/0001 12:00:00 AM
Lott,Naomi,Zillacom,1/1/0001 12:00:00 AM
Aguilar,Enid,Scenty,1/1/0001 12:00:00 AM
Miranda,Blanchard,Cujo,1/1/0001 12:00:00 AM
Page,Lilly,Micronaut,1/1/0001 12:00:00 AM
Rojas,Elsa,Combot,1/1/0001 12:00:00 AM
Hogan,Diane,Zillactic,1/1/0001 12:00:00 AM
Banks,Vanessa,Uberlux,1/1/0001 12:00:00 AM
Mccoy,Kimberley,Greeker,1/1/0001 12:00:00 AM
Mcdowell,Gonzales,Blanet,1/1/0001 12:00:00 AM
Marshall,Shelly,Viasia,1/1/0001 12:00:00 AM
Jefferson,Sheena,Daido,1/1/0001 12:00:00 AM
Prince,Fran,Cowtown,1/1/0001 12:00:00 AM
Graham,Tamara,Gushkool,1/1/0001 12:00:00 AM
Mcclain,Jana,Acium,1/1/0001 12:00:00 AM
Sutton,Tonia,Gronk,1/1/0001 12:00:00 AM
Weeks,Ramona,Valreda,1/1/0001 12:00:00 AM
Mcguire,Owen,Sultrax,1/1/0001 12:00:00 AM
Perry,Reynolds,Voratak,1/1/0001 12:00:00 AM
Palmer,Navarro,Phuel,1/1/0001 12:00:00 AM
Cooley,Medina,Xylar,1/1/0001 12:00:00 AM
Santiago,Hammond,Vendblend,1/1/0001 12:00:00 AM
Paul,Mara,Bizmatic,1/1/0001 12:00:00 AM
Stephens,Mandy,Moltonic,1/1/0001 12:00:00 AM
Middleton,Hendrix,Xleen,1/1/0001 12:00:00 AM
Randolph,Ethel,Eyeris,1/1/0001 12:00:00 AM
Reid,Kim,Providco,1/1/0001 12:00:00 AM
Cochran,Solomon,Tingles,1/1/0001 12:00:00 AM
Parks,Gross,Apextri,1/1/0001 12:00:00 AM
Warren,Meyer,Senmao,1/1/0001 12:00:00 AM
Booth,Blair,Plutorque,1/1/0001 12:00:00 AM
Sanchez,Kathie,Tellifly,1/1/0001 12:00:00 AM
Hays,Mattie,Comtext,1/1/0001 12:00:00 AM
Padilla,Austin,Musaphics,1/1/0001 12:00:00 AM
Leblanc,Lavonne,Pawnagra,1/1/0001 12:00:00 AM
Emerson,Hallie,Earthplex,1/1/0001 12:00:00 AM
Stevens,Mason,Vicon,1/1/0001 12:00:00 AM
Bentley,Lindsay,Slambda,1/1/0001 12:00:00 AM
Willis,Phillips,Eventex,1/1/0001 12:00:00 AM
Gentry,Myrna,Circum,1/1/0001 12:00:00 AM
Pickett,Gentry,Geostele,1/1/0001 12:00:00 AM
Hampton,Stevenson,Myopium,1/1/0001 12:00:00 AM
Peck,Beulah,Tsunamia,1/1/0001 12:00:00 AM
Salazar,Mcintosh,Podunk,1/1/0001 12:00:00 AM
Bishop,Bianca,Gynko,1/1/0001 12:00:00 AM
Holland,Conner,Applica,1/1/0001 12:00:00 AM
Hines,Ramirez,Ezent,1/1/0001 12:00:00 AM
Lindsey,Claudette,Cuizine,1/1/0001 12:00:00 AM
Munoz,Fox,Zillatide,1/1/0001 12:00:00 AM
Ryan,Nieves,Hairport,1/1/0001 12:00:00 AM
Sloan,Marisol,Silodyne,1/1/0001 12:00:00 AM
Cameron,Burton,Bugsall,1/1/0001 12:00:00 AM
Vega,Alexander,Elemantra,1/1/0001 12:00:00 AM
French,Karina,Kangle,1/1/0001 12:00:00 AM
Daugherty,Freeman,Sultraxin,1/1/0001 12:00:00 AM
Greene,Coleen,Parcoe,1/1/0001 12:00:00 AM
Dillard,Dana,Digitalus,1/1/0001 12:00:00 AM
West,Mayo,Aquamate,1/1/0001 12:00:00 AM
Fitzpatrick,Aguirre,Fuelton,1/1/0001 12:00:00 AM
Harvey,Lily,Parleynet,1/1/0001 12:00:00 AM
Hawkins,Pearson,Filodyne,1/1/0001 12:00:00 AM
Douglas,Wilkinson,Bluplanet,1/1/0001 12:00:00 AM
Cash,Walls,Roboid,1/1/0001 12:00:00 AM
Cabrera,Queen,Translink,1/1/0001 12:00:00 AM
Harrington,Nunez,Ziore,1/1/0001 12:00:00 AM
Carver,Sharron,Ludak,1/1/0001 12:00:00 AM
Holman,Lola,Calcula,1/1/0001 12:00:00 AM
Peters,Landry,Nimon,1/1/0001 12:00:00 AM
Ramos,Chen,Playce,1/1/0001 12:00:00 AM
Hill,Hewitt,Telequiet,1/1/0001 12:00:00 AM
Haynes,Grant,Magnafone,1/1/0001 12:00:00 AM
Stafford,Savage,Sportan,1/1/0001 12:00:00 AM
Harding,Jodi,Plasmox,1/1/0001 12:00:00 AM
Murray,Adela,Apex,1/1/0001 12:00:00 AM
Oconnor,Sondra,Songbird,1/1/0001 12:00:00 AM
Terrell,Bobbie,Vetron,1/1/0001 12:00:00 AM
Hensley,Fowler,Electonic,1/1/0001 12:00:00 AM
George,Kent,Kindaloo,1/1/0001 12:00:00 AM
Herring,Araceli,Roughies,1/1/0001 12:00:00 AM
Walsh,Hardin,Radiantix,1/1/0001 12:00:00 AM
Kinney,Hyde,Intergeek,1/1/0001 12:00:00 AM
Singleton,Flowers,Portaline,1/1/0001 12:00:00 AM
Koch,Walter,Ceprene,1/1/0001 12:00:00 AM
Delacruz,Rowe,Scentric,1/1/0001 12:00:00 AM
Gardner,Odonnell,Accupharm,1/1/0001 12:00:00 AM
Hurley,Silvia,Arctiq,1/1/0001 12:00:00 AM
Moore,Crystal,Hawkster,1/1/0001 12:00:00 AM
Morgan,John,Lumbrex,1/1/0001 12:00:00 AM
Sweeney,Casey,Anarco,1/1/0001 12:00:00 AM
Ayers,French,Eventix,1/1/0001 12:00:00 AM
Potts,Mccray,Pigzart,1/1/0001 12:00:00 AM
Roman,Ruby,Cinesanct,1/1/0001 12:00:00 AM
Hendricks,Freda,Eclipsent,1/1/0001 12:00:00 AM
Garrison,Gabrielle,Verbus,1/1/0001 12:00:00 AM
Massey,Patsy,Harmoney,1/1/0001 12:00:00 AM
Forbes,Corinne,Schoolio,1/1/0001 12:00:00 AM
Merrill,Travis,Paprikut,1/1/0001 12:00:00 AM
Joyce,Meredith,Gallaxia,1/1/0001 12:00:00 AM
Wheeler,Odessa,Stucco,1/1/0001 12:00:00 AM
Rush,Frye,Zillacon,1/1/0001 12:00:00 AM
Atkins,Strong,Stelaecor,1/1/0001 12:00:00 AM
Ware,Ellison,Prosely,1/1/0001 12:00:00 AM
Parrish,Aida,Columella,1/1/0001 12:00:00 AM
Rivas,Blanche,Digigen,1/1/0001 12:00:00 AM
Whitney,Weber,Noralex,1/1/0001 12:00:00 AM
Huff,Constance,Quarx,1/1/0001 12:00:00 AM
Washington,Marcella,Imperium,1/1/0001 12:00:00 AM
Sampson,Estrada,Niquent,1/1/0001 12:00:00 AM
Keller,Boyle,Genmom,1/1/0001 12:00:00 AM
Mcbride,Walsh,Koogle,1/1/0001 12:00:00 AM
Eaton,Ronda,Earbang,1/1/0001 12:00:00 AM
Ramsey,Henderson,Canopoly,1/1/0001 12:00:00 AM
Horn,Little,Zidox,1/1/0001 12:00:00 AM
Dyer,Hopper,Twiggery,1/1/0001 12:00:00 AM
Bradford,Swanson,Acruex,1/1/0001 12:00:00 AM
Lynn,Valenzuela,Lotron,1/1/0001 12:00:00 AM
Abbott,Farley,Farmex,1/1/0001 12:00:00 AM
Small,Harding,Geekola,1/1/0001 12:00:00 AM
Kaufman,Ida,Zappix,1/1/0001 12:00:00 AM
Wilson,Michael,Memora,1/1/0001 12:00:00 AM
Mcdaniel,Mcmahon,Wrapture,1/1/0001 12:00:00 AM
Henderson,Hale,Menbrain,1/1/0001 12:00:00 AM
Newton,Valeria,Boilcat,1/1/0001 12:00:00 AM
Williamson,Cohen,Realmo,1/1/0001 12:00:00 AM
Ellis,Chapman,Ohmnet,1/1/0001 12:00:00 AM
Cortez,Tessa,Geekwagon,1/1/0001 12:00:00 AM
Swanson,Audrey,Balooba,1/1/0001 12:00:00 AM
Tillman,Cunningham,Limozen,1/1/0001 12:00:00 AM
Foley,Cross,Futuris,1/1/0001 12:00:00 AM
Dejesus,Roberta,Pushcart,1/1/0001 12:00:00 AM
Tanner,Lynette,Skybold,1/1/0001 12:00:00 AM
Howell,Marlene,Marqet,1/1/0001 12:00:00 AM
Saunders,West,Austex,1/1/0001 12:00:00 AM
Anderson,Estella,Zenthall,1/1/0001 12:00:00 AM
Burns,Harris,Zentility,1/1/0001 12:00:00 AM
Larsen,Alyce,Deepends,1/1/0001 12:00:00 AM
Miller,Schroeder,Imant,1/1/0001 12:00:00 AM
Ferguson,Head,Ozean,1/1/0001 12:00:00 AM
Wiley,Benton,Geoforma,1/1/0001 12:00:00 AM
Oneil,Nolan,Sentia,1/1/0001 12:00:00 AM
Hopper,Noreen,Xplor,1/1/0001 12:00:00 AM
Powers,Pickett,Idego,1/1/0001 12:00:00 AM
Dickson,Cameron,Steelfab,1/1/0001 12:00:00 AM
Dennis,Marina,Caxt,1/1/0001 12:00:00 AM
Beasley,Maggie,Geologix,1/1/0001 12:00:00 AM
Mays,Arline,Cyclonica,1/1/0001 12:00:00 AM
Wilkins,Bernard,Architax,1/1/0001 12:00:00 AM
Crawford,Mathis,Newcube,1/1/0001 12:00:00 AM
Long,Paula,Aeora,1/1/0001 12:00:00 AM
Caldwell,Lottie,Ginkogene,1/1/0001 12:00:00 AM
Elliott,Geneva,Cytrex,1/1/0001 12:00:00 AM
Deleon,Bessie,Edecine,1/1/0001 12:00:00 AM
Mcconnell,Avila,Digial,1/1/0001 12:00:00 AM
Patterson,Mindy,Updat,1/1/0001 12:00:00 AM
Hartman,Orr,Quarmony,1/1/0001 12:00:00 AM
Cooke,Dudley,Securia,1/1/0001 12:00:00 AM
Chan,Mcleod,Dymi,1/1/0001 12:00:00 AM
Mcfarland,Harriett,Xixan,1/1/0001 12:00:00 AM
Perez,Nelda,Oatfarm,1/1/0001 12:00:00 AM
Poole,Bonner,Plexia,1/1/0001 12:00:00 AM
Conley,Kaye,Ebidco,1/1/0001 12:00:00 AM
Crane,Tate,Syntac,1/1/0001 12:00:00 AM
Moreno,Haley,Genmy,1/1/0001 12:00:00 AM
Aguirre,Pearl,Lingoage,1/1/0001 12:00:00 AM
England,Alison,Bunga,1/1/0001 12:00:00 AM
Mcknight,Tabatha,Straloy,1/1/0001 12:00:00 AM
Flynn,Grace,Shepard,1/1/0001 12:00:00 AM
Jordan,Carlene,Geekmosis,1/1/0001 12:00:00 AM
Lane,Cindy,Assistia,1/1/0001 12:00:00 AM
Pittman,Jewell,Bleendot,1/1/0001 12:00:00 AM
Calhoun,King,Dragbot,1/1/0001 12:00:00 AM
Norman,Yesenia,Exoswitch,1/1/0001 12:00:00 AM
Vaughn,Carolina,Zoid,1/1/0001 12:00:00 AM
Bush,Brooke,Asimiline,1/1/0001 12:00:00 AM
Ortiz,Latasha,Quonata,1/1/0001 12:00:00 AM
Sears,Richardson,Gluid,1/1/0001 12:00:00 AM
Evans,Kristen,Daisu,1/1/0001 12:00:00 AM
Lindsay,Briggs,Techtrix,1/1/0001 12:00:00 AM
Rowe,Klein,Skyplex,1/1/0001 12:00:00 AM
Dodson,Dotson,Frolix,1/1/0001 12:00:00 AM
Wright,Bethany,Maineland,1/1/0001 12:00:00 AM
Yang,Kimberly,Uneeq,1/1/0001 12:00:00 AM
Walters,Bonnie,Sulfax,1/1/0001 12:00:00 AM
Galloway,Benita,Isbol,1/1/0001 12:00:00 AM
Hart,Stafford,Terrago,1/1/0001 12:00:00 AM
Frost,Dodson,Utara,1/1/0001 12:00:00 AM
Gomez,Julianne,Miracula,1/1/0001 12:00:00 AM
Klein,Cash,Accruex,1/1/0001 12:00:00 AM
Mclaughlin,Massey,Extragen,1/1/0001 12:00:00 AM
Montgomery,Gwen,Halap,1/1/0001 12:00:00 AM
Guthrie,Turner,Ginkle,1/1/0001 12:00:00 AM
Ellison,Elizabeth,Idetica,1/1/0001 12:00:00 AM
Mack,Loraine,Insuron,1/1/0001 12:00:00 AM
Barlow,Madeline,Bullzone,1/1/0001 12:00:00 AM
Dudley,Natasha,Corporana,1/1/0001 12:00:00 AM
Underwood,Mcdonald,Opticom,1/1/0001 12:00:00 AM
Mckinney,Higgins,Accel,1/1/0001 12:00:00 AM
Mayer,Mccormick,Entogrok,1/1/0001 12:00:00 AM
Chang,Alvarez,Premiant,1/1/0001 12:00:00 AM
Hutchinson,Odom,Temorak,1/1/0001 12:00:00 AM
Wynn,Carey,Lexicondo,1/1/0001 12:00:00 AM
Robertson,Frost,Kiggle,1/1/0001 12:00:00 AM
Cleveland,Juliana,Enormo,1/1/0001 12:00:00 AM
Holder,Maribel,Applideck,1/1/0001 12:00:00 AM
Valentine,Cassandra,Mantrix,1/1/0001 12:00:00 AM
Rodriquez,Ursula,Zolar,1/1/0001 12:00:00 AM
Burgess,Joanna,Twiist,1/1/0001 12:00:00 AM
Petersen,Stark,Medalert,1/1/0001 12:00:00 AM
Price,Jackie,Conferia,1/1/0001 12:00:00 AM
Neal,Harrell,Kraggle,1/1/0001 12:00:00 AM
Buckner,Kerr,Orbiflex,1/1/0001 12:00:00 AM
Farrell,Mollie,Supremia,1/1/0001 12:00:00 AM
Nguyen,Cain,Vantage,1/1/0001 12:00:00 AM
Carr,Galloway,Exerta,1/1/0001 12:00:00 AM
Marsh,Ella,Sybixtex,1/1/0001 12:00:00 AM
Short,Katrina,Icology,1/1/0001 12:00:00 AM
Blackwell,Melisa,Comtour,1/1/0001 12:00:00 AM
Parker,Gloria,Flyboyz,1/1/0001 12:00:00 AM
Mccray,Ellis,Xiix,1/1/0001 12:00:00 AM
Mcmahon,Verna,Empirica,1/1/0001 12:00:00 AM
Murphy,Gallagher,Isologica,1/1/0001 12:00:00 AM
Leonard,Vaughn,Cognicode,1/1/0001 12:00:00 AM
Clay,Snow,Entality,1/1/0001 12:00:00 AM
Dixon,Toni,Xelegyl,1/1/0001 12:00:00 AM
Stanley,Merle,Sureplex,1/1/0001 12:00:00 AM
Ford,Colette,Stralum,1/1/0001 12:00:00 AM
Stokes,Conrad,Dognost,1/1/0001 12:00:00 AM
Hardy,Church,Ecraze,1/1/0001 12:00:00 AM
Gordon,Terri,Megall,1/1/0001 12:00:00 AM
Hoffman,Dominguez,Krag,1/1/0001 12:00:00 AM
Thompson,Gladys,Elentrix,1/1/0001 12:00:00 AM
Edwards,Burns,Ultrimax,1/1/0001 12:00:00 AM
Keith,Emily,Imkan,1/1/0001 12:00:00 AM
Schmidt,Castro,Yurture,1/1/0001 12:00:00 AM
Wilcox,Fry,Turnling,1/1/0001 12:00:00 AM
Gilmore,Reid,Recritube,1/1/0001 12:00:00 AM
Dominguez,Samantha,Fiberox,1/1/0001 12:00:00 AM
Day,Collins,Velos,1/1/0001 12:00:00 AM
Clements,Payne,Moreganic,1/1/0001 12:00:00 AM
Hale,Cathleen,Gink,1/1/0001 12:00:00 AM
Walls,Latisha,Ovation,1/1/0001 12:00:00 AM
Waters,Hubbard,Snorus,1/1/0001 12:00:00 AM
Warner,Jan,Overfork,1/1/0001 12:00:00 AM
Macdonald,Brittney,Bedlam,1/1/0001 12:00:00 AM
Fletcher,Lydia,Magmina,1/1/0001 12:00:00 AM
Peterson,Sherry,Frenex,1/1/0001 12:00:00 AM
Erickson,Gretchen,Permadyne,1/1/0001 12:00:00 AM
Schroeder,Leon,Comtract,1/1/0001 12:00:00 AM
Mcleod,Shirley,Zytrax,1/1/0001 12:00:00 AM
Cruz,Sampson,Webiotic,1/1/0001 12:00:00 AM
Shaffer,Claire,Pearlessa,1/1/0001 12:00:00 AM
Melendez,Lourdes,Eargo,1/1/0001 12:00:00 AM
Santana,Dorthy,Opticon,1/1/0001 12:00:00 AM
Christian,Todd,Norsup,1/1/0001 12:00:00 AM
Reese,Cecelia,Qualitex,1/1/0001 12:00:00 AM
Matthews,Burke,Genekom,1/1/0001 12:00:00 AM
Pate,Gray,Hopeli,1/1/0001 12:00:00 AM
Joseph,Morrison,Otherside,1/1/0001 12:00:00 AM
Duran,Quinn,Techmania,1/1/0001 12:00:00 AM
Roberson,Hood,Dentrex,1/1/0001 12:00:00 AM
Tyson,Stein,Coash,1/1/0001 12:00:00 AM
Burke,Alvarado,Quonk,1/1/0001 12:00:00 AM
Carpenter,Maricela,Zedalis,1/1/0001 12:00:00 AM
Medina,Bernadine,Neptide,1/1/0001 12:00:00 AM
Grimes,Stout,Proxsoft,1/1/0001 12:00:00 AM
Goff,Atkinson,Corecom,1/1/0001 12:00:00 AM
Beck,Bartlett,Geekol,1/1/0001 12:00:00 AM
Sherman,George,Zerbina,1/1/0001 12:00:00 AM
Buck,Jefferson,Atgen,1/1/0001 12:00:00 AM
Rollins,Darlene,Magnina,1/1/0001 12:00:00 AM
Leach,Peggy,Qnekt,1/1/0001 12:00:00 AM
Shepherd,Cole,Overplex,1/1/0001 12:00:00 AM
Faulkner,Janie,Cytrak,1/1/0001 12:00:00 AM
Savage,Juliette,Equicom,1/1/0001 12:00:00 AM
Jenkins,Eugenia,Exposa,1/1/0001 12:00:00 AM
Rosales,Gill,Andryx,1/1/0001 12:00:00 AM
Francis,Patricia,Goko,1/1/0001 12:00:00 AM
Rasmussen,Alfreda,Confrenzy,1/1/0001 12:00:00 AM
Bright,Wilson,Terrasys,1/1/0001 12:00:00 AM
Robinson,Roberson,Portica,1/1/0001 12:00:00 AM
Bartlett,Wilkins,Nurplex,1/1/0001 12:00:00 AM
Byers,Lynnette,Anacho,1/1/0001 12:00:00 AM
Mckenzie,Jessica,Comstar,1/1/0001 12:00:00 AM
Weiss,Brady,Izzby,1/1/0001 12:00:00 AM
Good,House,Cincyr,1/1/0001 12:00:00 AM
Boone,Joyner,Inear,1/1/0001 12:00:00 AM
Hobbs,Wiley,Aclima,1/1/0001 12:00:00 AM
Butler,Bennett,Strozen,1/1/0001 12:00:00 AM
Clemons,Macdonald,Rocklogic,1/1/0001 12:00:00 AM
Hewitt,Shaffer,Speedbolt,1/1/0001 12:00:00 AM
Finch,Lynch,Nebulean,1/1/0001 12:00:00 AM
Grant,Lilia,Cubicide,1/1/0001 12:00:00 AM
Whitaker,Deborah,Vinch,1/1/0001 12:00:00 AM
Meyers,Griffin,Fitcore,1/1/0001 12:00:00 AM
Mercer,Patrice,Sustenza,1/1/0001 12:00:00 AM
Raymond,Ferrell,Miraclis,1/1/0001 12:00:00 AM
Casey,Helen,Toyletry,1/1/0001 12:00:00 AM
Sheppard,Jacklyn,Portico,1/1/0001 12:00:00 AM
Moss,Espinoza,Insectus,1/1/0001 12:00:00 AM
Dalton,Madeleine,Koffee,1/1/0001 12:00:00 AM
Lowery,Sweeney,Martgo,1/1/0001 12:00:00 AM
Sawyer,Jannie,Primordia,1/1/0001 12:00:00 AM
Calderon,Kelley,Diginetic,1/1/0001 12:00:00 AM
Higgins,Pittman,Zillar,1/1/0001 12:00:00 AM
Frye,Carole,Freakin,1/1/0001 12:00:00 AM
Humphrey,Garner,Capscreen,1/1/0001 12:00:00 AM
Giles,Hudson,Zilodyne,1/1/0001 12:00:00 AM
Knox,Leann,Krog,1/1/0001 12:00:00 AM
Ray,Moses,Suretech,1/1/0001 12:00:00 AM
Henson,Fletcher,Gynk,1/1/0001 12:00:00 AM
Barker,Brigitte,Exozent,1/1/0001 12:00:00 AM
Vargas,Shelia,Codax,1/1/0001 12:00:00 AM
Schultz,Lena,Frosnex,1/1/0001 12:00:00 AM
Kelly,Gordon,Aquasure,1/1/0001 12:00:00 AM
Quinn,Lizzie,Geekus,1/1/0001 12:00:00 AM
Coleman,Fanny,Nexgene,1/1/0001 12:00:00 AM
Sanders,Christie,Mondicil,1/1/0001 12:00:00 AM
Simmons,Francis,Affluex,1/1/0001 12:00:00 AM
Hoover,Farrell,Verton,1/1/0001 12:00:00 AM
Hopkins,Doyle,Aquoavo,1/1/0001 12:00:00 AM
Ochoa,Pace,Rugstars,1/1/0001 12:00:00 AM
Cotton,Vera,Fuelworks,1/1/0001 12:00:00 AM
Hurst,Dina,Kinetica,1/1/0001 12:00:00 AM
Christensen,Young,Futurity,1/1/0001 12:00:00 AM
Davidson,Ramsey,Vitricomp,1/1/0001 12:00:00 AM
Marks,Kathy,Zuvy,1/1/0001 12:00:00 AM
Mckee,Penny,Turnabout,1/1/0001 12:00:00 AM
Mitchell,Morse,Accidency,1/1/0001 12:00:00 AM
Boyer,Iva,Rodeology,1/1/0001 12:00:00 AM
Pennington,Miranda,Zilla,1/1/0001 12:00:00 AM
Green,Ford,Bytrex,1/1/0001 12:00:00 AM
Britt,Reva,Xsports,1/1/0001 12:00:00 AM
Gaines,Mckee,Bisba,1/1/0001 12:00:00 AM
Espinoza,Maura,Ultrasure,1/1/0001 12:00:00 AM
Gross,Opal,Splinx,1/1/0001 12:00:00 AM
Jacobson,Desiree,Xerex,1/1/0001 12:00:00 AM
Golden,Boone,Musix,1/1/0001 12:00:00 AM
Parsons,Lillian,Netagy,1/1/0001 12:00:00 AM
Compton,Myra,Zounds,1/1/0001 12:00:00 AM
Glenn,Decker,Entroflex,1/1/0001 12:00:00 AM
Burks,Katharine,Multron,1/1/0001 12:00:00 AM
Flores,Jane,Slofast,1/1/0001 12:00:00 AM
Franks,Luna,Apexia,1/1/0001 12:00:00 AM
Houston,Goldie,Essensia,1/1/0001 12:00:00 AM
Logan,Norman,Cytrek,1/1/0001 12:00:00 AM
Rivers,Leach,Bezal,1/1/0001 12:00:00 AM
Brewer,Janine,Polarax,1/1/0001 12:00:00 AM
Head,Liza,Keengen,1/1/0001 12:00:00 AM
Berg,Jolene,Acusage,1/1/0001 12:00:00 AM
Curtis,Dixie,Kaggle,1/1/0001 12:00:00 AM
Preston,Christine,Mediot,1/1/0001 12:00:00 AM
Avila,Wilder,Enerforce,1/1/0001 12:00:00 AM
Cox,Sally,Zensus,1/1/0001 12:00:00 AM
Patton,Clare,Maximind,1/1/0001 12:00:00 AM
Olsen,Harvey,Musanpoly,1/1/0001 12:00:00 AM
Patrick,Deena,Klugger,1/1/0001 12:00:00 AM
Barr,Mari,Isotrack,1/1/0001 12:00:00 AM
Morrow,Hahn,Ronelon,1/1/0001 12:00:00 AM
Mayo,Rebecca,Jumpstack,1/1/0001 12:00:00 AM
Hubbard,Goodman,Xth,1/1/0001 12:00:00 AM
Kirkland,Shawn,Ovolo,1/1/0001 12:00:00 AM
Bernard,Wyatt,Dadabase,1/1/0001 12:00:00 AM
Wilder,Liz,Medcom,1/1/0001 12:00:00 AM
Castro,Sandy,Bolax,1/1/0001 12:00:00 AM
Mathis,Mona,Kidgrease,1/1/0001 12:00:00 AM
Petty,Huff,Tubalum,1/1/0001 12:00:00 AM
Becker,Charity,Tasmania,1/1/0001 12:00:00 AM
Reed,Fields,Xanide,1/1/0001 12:00:00 AM
Kane,Greene,Velity,1/1/0001 12:00:00 AM
Hall,Laurie,Biotica,1/1/0001 12:00:00 AM
Callahan,Hogan,Liquicom,1/1/0001 12:00:00 AM
Dunn,Atkins,Gaptec,1/1/0001 12:00:00 AM
Mason,Peterson,Exoblue,1/1/0001 12:00:00 AM
Nash,Stefanie,Accuprint,1/1/0001 12:00:00 AM
Johnston,Byers,Medesign,1/1/0001 12:00:00 AM
Hammond,Wright,Comtrak,1/1/0001 12:00:00 AM
May,Dickson,Trasola,1/1/0001 12:00:00 AM
Figueroa,Holmes,Bristo,1/1/0001 12:00:00 AM
Robles,Lindsey,Comdom,1/1/0001 12:00:00 AM
Perkins,Farmer,Bittor,1/1/0001 12:00:00 AM
Mccormick,Flossie,Cosmetex,1/1/0001 12:00:00 AM
Valenzuela,Hall,Endipine,1/1/0001 12:00:00 AM
Cannon,Boyer,Rameon,1/1/0001 12:00:00 AM
Browning,Evans,Imaginart,1/1/0001 12:00:00 AM
Sanford,Mercado,Retrack,1/1/0001 12:00:00 AM
Gallagher,Virgie,Geofarm,1/1/0001 12:00:00 AM
Brooks,Lacy,Zepitope,1/1/0001 12:00:00 AM
Contreras,Mullen,Kyaguru,1/1/0001 12:00:00 AM
Cooper,Trisha,Zeam,1/1/0001 12:00:00 AM
Johns,Lott,Aquasseur,1/1/0001 12:00:00 AM
Henry,Lawson,Artiq,1/1/0001 12:00:00 AM
Ross,Best,Virxo,1/1/0001 12:00:00 AM
Knapp,Angelina,Surelogic,1/1/0001 12:00:00 AM
Carson,Hunter,Kneedles,1/1/0001 12:00:00 AM
Stevenson,Battle,Assistix,1/1/0001 12:00:00 AM
Watson,Ginger,Teraprene,1/1/0001 12:00:00 AM
Sargent,Margery,Isosure,1/1/0001 12:00:00 AM
Smith,Pugh,Zilladyne,1/1/0001 12:00:00 AM
Montoya,Martina,Rooforia,1/1/0001 12:00:00 AM
Curry,Good,Nixelt,1/1/0001 12:00:00 AM
Moran,Middleton,Valpreal,1/1/0001 12:00:00 AM
Beard,Connie,Extremo,1/1/0001 12:00:00 AM
Franklin,Harmon,Mantro,1/1/0001 12:00:00 AM
Glover,Craft,Buzzmaker,1/1/0001 12:00:00 AM
Dorsey,Banks,Enthaze,1/1/0001 12:00:00 AM
Kirk,Whitehead,Interfind,1/1/0001 12:00:00 AM
Jensen,Leticia,Solgan,1/1/0001 12:00:00 AM
Hodges,Larson,Thredz,1/1/0001 12:00:00 AM
Rocha,Johanna,Dognosis,1/1/0001 12:00:00 AM
Bullock,Flynn,Bicol,1/1/0001 12:00:00 AM
Woodard,Wanda,Zaj,1/1/0001 12:00:00 AM
Santos,Tucker,Handshake,1/1/0001 12:00:00 AM
Nelson,Glenda,Ecolight,1/1/0001 12:00:00 AM
Morton,Phoebe,Bluegrain,1/1/0001 12:00:00 AM
Osborne,Joann,Suremax,1/1/0001 12:00:00 AM
Velez,Marianne,Phormula,1/1/0001 12:00:00 AM
White,Luz,Helixo,1/1/0001 12:00:00 AM
William,Vilma,Comcur,1/1/0001 12:00:00 AM
Pearson,Christy,Pyramia,1/1/0001 12:00:00 AM
Carlson,Webb,Corpulse,1/1/0001 12:00:00 AM
Cohen,Alejandra,Enervate,1/1/0001 12:00:00 AM
Skinner,Valdez,Puria,1/1/0001 12:00:00 AM
Oneal,Mullins,Octocore,1/1/0001 12:00:00 AM
Blanchard,Lorna,Uncorp,1/1/0001 12:00:00 AM
Hayden,Charmaine,Malathion,1/1/0001 12:00:00 AM
Hatfield,Rojas,Vurbo,1/1/0001 12:00:00 AM
Norton,Marquita,Envire,1/1/0001 12:00:00 AM
Taylor,Sylvia,Brainclip,1/1/0001 12:00:00 AM
Jarvis,Whitaker,Concility,1/1/0001 12:00:00 AM
Riggs,Bates,Remotion,1/1/0001 12:00:00 AM
Baker,Bray,Olucore,1/1/0001 12:00:00 AM
Barrera,Finley,Idealis,1/1/0001 12:00:00 AM
Young,Shelby,Pulze,1/1/0001 12:00:00 AM
Ramirez,Shauna,Plasmos,1/1/0001 12:00:00 AM
Larson,Garza,Insurity,1/1/0001 12:00:00 AM
Church,Christensen,Xymonk,1/1/0001 12:00:00 AM
Lynch,Susana,Calcu,1/1/0001 12:00:00 AM
Terry,Socorro,Automon,1/1/0001 12:00:00 AM
Winters,Chris,Zilch,1/1/0001 12:00:00 AM
Foster,Isabel,Datagen,1/1/0001 12:00:00 AM
Chaney,Wilcox,Kozgene,1/1/0001 12:00:00 AM
Hyde,Conway,Fibrodyne,1/1/0001 12:00:00 AM
Trujillo,Laverne,Eyewax,1/1/0001 12:00:00 AM
Flowers,Randall,Orbixtar,1/1/0001 12:00:00 AM
Williams,Autumn,Visualix,1/1/0001 12:00:00 AM
Fulton,William,Isonus,1/1/0001 12:00:00 AM
Bowen,Hinton,Billmed,1/1/0001 12:00:00 AM
Mcfadden,Thornton,Kineticut,1/1/0001 12:00:00 AM
Wooten,Madden,Quilk,1/1/0001 12:00:00 AM
Pugh,Lupe,Hometown,1/1/0001 12:00:00 AM
Woods,Wendi,Inquala,1/1/0001 12:00:00 AM
Townsend,Floyd,Xurban,1/1/0001 12:00:00 AM
Fuentes,Levine,Genmex,1/1/0001 12:00:00 AM
Mooney,Davenport,Zentix,1/1/0001 12:00:00 AM
Delaney,Reyes,Extro,1/1/0001 12:00:00 AM
Oneill,Pansy,Realysis,1/1/0001 12:00:00 AM
Morrison,Erickson,Corepan,1/1/0001 12:00:00 AM
Blake,Carissa,Matrixity,1/1/0001 12:00:00 AM
Bolton,Acevedo,Xoggle,1/1/0001 12:00:00 AM
Gregory,Shelton,Unisure,1/1/0001 12:00:00 AM
Wiggins,Vincent,Inrt,1/1/0001 12:00:00 AM
Adams,Adrian,Accufarm,1/1/0001 12:00:00 AM
Vasquez,Edna,Avenetro,1/1/0001 12:00:00 AM
Snow,Earlene,Deminimum,1/1/0001 12:00:00 AM
Phillips,Annie,Powernet,1/1/0001 12:00:00 AM
Sharpe,Johnnie,Trollery,1/1/0001 12:00:00 AM
Wallace,Kay,Oceanica,1/1/0001 12:00:00 AM
Weaver,Figueroa,Sealoud,1/1/0001 12:00:00 AM
Harmon,Bradford,Acrodance,1/1/0001 12:00:00 AM
Cantu,Zimmerman,Comvey,1/1/0001 12:00:00 AM
Benton,Carver,Applidec,1/1/0001 12:00:00 AM
Manning,Leona,Zilidium,1/1/0001 12:00:00 AM
Burnett,Gilda,Qaboos,1/1/0001 12:00:00 AM
Lewis,Burnett,Kyagoro,1/1/0001 12:00:00 AM
Bowers,Amie,Fossiel,1/1/0001 12:00:00 AM
Burris,Valarie,Kog,1/1/0001 12:00:00 AM
Miles,Hensley,Firewax,1/1/0001 12:00:00 AM
Morris,Christi,Rockabye,1/1/0001 12:00:00 AM
Johnson,Sabrina,Rodeocean,1/1/0001 12:00:00 AM
Molina,Robertson,Centregy,1/1/0001 12:00:00 AM
Graves,Lucinda,Combogene,1/1/0001 12:00:00 AM
Holden,Smith,Venoflex,1/1/0001 12:00:00 AM
Griffin,Henrietta,Beadzza,1/1/0001 12:00:00 AM
Drake,Obrien,Exiand,1/1/0001 12:00:00 AM
Meyer,Joseph,Glukgluk,1/1/0001 12:00:00 AM
Dunlap,Leah,Duflex,1/1/0001 12:00:00 AM
Serrano,Wynn,Isologics,1/1/0001 12:00:00 AM
Bell,Carr,Centree,1/1/0001 12:00:00 AM
Pollard,Marissa,Eternis,1/1/0001 12:00:00 AM
Martinez,Nicole,Netur,1/1/0001 12:00:00 AM
Walton,Pacheco,Prowaste,1/1/0001 12:00:00 AM
Valencia,Jaime,Kongene,1/1/0001 12:00:00 AM
Coffey,Mueller,Qualitern,1/1/0001 12:00:00 AM
Meadows,Celeste,Peticular,1/1/0001 12:00:00 AM
Barber,Golden,Songlines,1/1/0001 12:00:00 AM
Riddle,Corina,Zolarity,1/1/0001 12:00:00 AM
Greer,Sarah,Singavera,1/1/0001 12:00:00 AM
Mills,Juliet,Quintity,1/1/0001 12:00:00 AM
Puckett,Nell,Quarex,1/1/0001 12:00:00 AM
Porter,Chasity,Delphide,1/1/0001 12:00:00 AM
Daniels,Marci,Signidyne,1/1/0001 12:00:00 AM
Richards,Tina,Codact,1/1/0001 12:00:00 AM
Dillon,Gregory,Supportal,1/1/0001 12:00:00 AM
Odonnell,Horne,Sunclipse,1/1/0001 12:00:00 AM
Chen,Donovan,Netropic,1/1/0001 12:00:00 AM
Rose,Jody,Zolarex,1/1/0001 12:00:00 AM
Dickerson,Hattie,Kage,1/1/0001 12:00:00 AM
Garrett,Wheeler,Obones,1/1/0001 12:00:00 AM
Craft,Black,Bulljuice,1/1/0001 12:00:00 AM
Pacheco,Rodgers,Atomica,1/1/0001 12:00:00 AM
Harper,Carmen,Zanity,1/1/0001 12:00:00 AM
Norris,Millicent,Wazzu,1/1/0001 12:00:00 AM
Stanton,Louise,Pholio,1/1/0001 12:00:00 AM
Stein,Schwartz,Enersave,1/1/0001 12:00:00 AM
Velasquez,Genevieve,Insource,1/1/0001 12:00:00 AM
Navarro,Hurst,Bostonic,1/1/0001 12:00:00 AM
Phelps,Talley,Enomen,1/1/0001 12:00:00 AM
Delgado,Monroe,Proflex,1/1/0001 12:00:00 AM
Lyons,Lakisha,Unia,1/1/0001 12:00:00 AM
Hendrix,Selena,Darwinium,1/1/0001 12:00:00 AM
Moody,Velazquez,Liquidoc,1/1/0001 12:00:00 AM
Castillo,Kirby,Reversus,1/1/0001 12:00:00 AM
Black,Gilliam,Eclipto,1/1/0001 12:00:00 AM
Austin,Moody,Bitrex,1/1/0001 12:00:00 AM
Kline,Angela,Snips,1/1/0001 12:00:00 AM
Simpson,Sexton,Slax,1/1/0001 12:00:00 AM
English,Ola,Zoxy,1/1/0001 12:00:00 AM
Cardenas,Cantu,Pyramis,1/1/0001 12:00:00 AM
Heath,Mary,Kongle,1/1/0001 12:00:00 AM
Herman,Audra,Zork,1/1/0001 12:00:00 AM
Nixon,Karla,Cablam,1/1/0001 12:00:00 AM
Ortega,Gabriela,Exospeed,1/1/0001 12:00:00 AM
Mathews,Aurelia,Netplode,1/1/0001 12:00:00 AM
Melton,Sofia,Cormoran,1/1/0001 12:00:00 AM
Best,Wong,Emtrak,1/1/0001 12:00:00 AM
Collier,Katy,Assitia,1/1/0001 12:00:00 AM
Campbell,Browning,Equitox,1/1/0001 12:00:00 AM
Carter,Monica,Quantasis,1/1/0001 12:00:00 AM
Simon,Jennifer,Zolavo,1/1/0001 12:00:00 AM
Kim,Rachael,Petigems,1/1/0001 12:00:00 AM
Doyle,Hoover,Lyrichord,1/1/0001 12:00:00 AM
Bradshaw,Doris,Papricut,1/1/0001 12:00:00 AM
Bowman,Cantrell,Intrawear,1/1/0001 12:00:00 AM
Lucas,Heather,Poshome,1/1/0001 12:00:00 AM
Blair,Augusta,Pyrami,1/1/0001 12:00:00 AM
Riley,Blackwell,Anivet,1/1/0001 12:00:00 AM
Chavez,Robinson,Aquafire,1/1/0001 12:00:00 AM
Wagner,Ayala,Medmex,1/1/0001 12:00:00 AM
Wilkerson,Potts,Cinaster,1/1/0001 12:00:00 AM
Ingram,Beck,Pharmacon,1/1/0001 12:00:00 AM
Armstrong,Kline,Isologia,1/1/0001 12:00:00 AM
Ewing,Brock,Kidstock,1/1/0001 12:00:00 AM
Trevino,Amanda,Mazuda,1/1/0001 12:00:00 AM
Ball,Sweet,Intradisk,1/1/0001 12:00:00 AM
Bonner,Collier,Manufact,1/1/0001 12:00:00 AM
Fuller,Waller,Paragonia,1/1/0001 12:00:00 AM
Jimenez,Allison,Pivitol,1/1/0001 12:00:00 AM
Conway,Humphrey,Zoinage,1/1/0001 12:00:00 AM
Fowler,Vaughan,Quilm,1/1/0001 12:00:00 AM
Guy,Gay,Eweville,1/1/0001 12:00:00 AM
Fitzgerald,Combs,Nutralab,1/1/0001 12:00:00 AM
Moon,Andrea,Exostream,1/1/0001 12:00:00 AM
Salinas,Briana,Dancerity,1/1/0001 12:00:00 AM
Hayes,Dora,Anocha,1/1/0001 12:00:00 AM
Stone,Frazier,Telepark,1/1/0001 12:00:00 AM
Nicholson,Rosella,Skinserve,1/1/0001 12:00:00 AM
Berger,Irwin,Kiosk,1/1/0001 12:00:00 AM
Burt,Mercer,Geoform,1/1/0001 12:00:00 AM
Wyatt,Dejesus,Rubadub,1/1/0001 12:00:00 AM
Jennings,Cortez,Stockpost,1/1/0001 12:00:00 AM
Reynolds,Gonzalez,Zidant,1/1/0001 12:00:00 AM
Clark,Eddie,Comtours,1/1/0001 12:00:00 AM
Rivera,Janette,Waterbaby,1/1/0001 12:00:00 AM
Travis,Monique,Terragen,1/1/0001 12:00:00 AM
Stewart,Jeanne,Zialactic,1/1/0001 12:00:00 AM
Wolf,Beach,Rodemco,1/1/0001 12:00:00 AM
Estrada,Simpson,Snowpoke,1/1/0001 12:00:00 AM
Lawrence,Holloway,Amril,1/1/0001 12:00:00 AM
Cline,Rogers,Furnigeer,1/1/0001 12:00:00 AM
Spears,Melanie,Snacktion,1/1/0001 12:00:00 AM
Adkins,Pennington,Jamnation,1/1/0001 12:00:00 AM
Lang,Ina,Exodoc,1/1/0001 12:00:00 AM
Byrd,Consuelo,Exoteric,1/1/0001 12:00:00 AM
Lancaster,Solis,Isostream,1/1/0001 12:00:00 AM
Osborn,Eloise,Boink,1/1/0001 12:00:00 AM
Booker,Hartman,Ecrater,1/1/0001 12:00:00 AM
Cherry,Rosario,Tropolis,1/1/0001 12:00:00 AM
David,Dunlap,Hatology,1/1/0001 12:00:00 AM
Baird,Rosalie,Comcubine,1/1/0001 12:00:00 AM
Reilly,Welch,Flotonic,1/1/0001 12:00:00 AM
Farley,Thomas,Boilicon,1/1/0001 12:00:00 AM
Strong,Dolores,Earthpure,1/1/0001 12:00:00 AM
Dean,Rena,Irack,1/1/0001 12:00:00 AM
Noel,Jaclyn,Collaire,1/1/0001 12:00:00 AM
Cantrell,Holly,Futurize,1/1/0001 12:00:00 AM
Hunter,Goff,Emoltra,1/1/0001 12:00:00 AM
Davis,Booth,Oronoko,1/1/0001 12:00:00 AM
Wall,Sadie,Avit,1/1/0001 12:00:00 AM
Mullen,Dillard,Quordate,1/1/0001 12:00:00 AM
Beach,Willis,Geekfarm,1/1/0001 12:00:00 AM
Landry,Bradley,Printspan,1/1/0001 12:00:00 AM
Whitfield,Roseann,Comveyer,1/1/0001 12:00:00 AM
Baxter,Sonya,Unq,1/1/0001 12:00:00 AM
Mendoza,Arnold,Biohab,1/1/0001 12:00:00 AM
Mercado,Branch,Prosure,1/1/0001 12:00:00 AM
Welch,Harper,Zaggles,1/1/0001 12:00:00 AM
Orr,Caitlin,Progenex,1/1/0001 12:00:00 AM
Pace,James,Medicroix,1/1/0001 12:00:00 AM
Barrett,Joni,Bedder,1/1/0001 12:00:00 AM
Webb,Alyssa,Zboo,1/1/0001 12:00:00 AM
Holloway,Mabel,Squish,1/1/0001 12:00:00 AM
Zamora,Singleton,Bovis,1/1/0001 12:00:00 AM
Davenport,Chrystal,Flexigen,1/1/0001 12:00:00 AM
Moses,Mitzi,Ontagene,1/1/0001 12:00:00 AM
Albert,Marietta,Zanilla,1/1/0001 12:00:00 AM
Dawson,Dale,Talae,1/1/0001 12:00:00 AM
Rowland,Palmer,Isologix,1/1/0001 12:00:00 AM
Hickman,Dena,Artworlds,1/1/0001 12:00:00 AM
Bender,Laura,Endicil,1/1/0001 12:00:00 AM
Chapman,Wooten,Tetratrex,1/1/0001 12:00:00 AM
Case,Cochran,Typhonica,1/1/0001 12:00:00 AM
Frank,Donaldson,Isodrive,1/1/0001 12:00:00 AM
Lamb,Guerra,Locazone,1/1/0001 12:00:00 AM
Rhodes,Tamera,Mangelica,1/1/0001 12:00:00 AM
Sandoval,Oconnor,Maroptic,1/1/0001 12:00:00 AM
Combs,Hodge,Dogspa,1/1/0001 12:00:00 AM
Herrera,Betty,Zipak,1/1/0001 12:00:00 AM
Acosta,Pate,Exosis,1/1/0001 12:00:00 AM
Everett,Kidd,Orbalix,1/1/0001 12:00:00 AM
Turner,Celia,Pearlesex,1/1/0001 12:00:00 AM
Stout,Weiss,Neteria,1/1/0001 12:00:00 AM
Jacobs,Caroline,Zaphire,1/1/0001 12:00:00 AM
Alford,Rosalinda,Evidends,1/1/0001 12:00:00 AM
Webster,Webster,Cosmosis,1/1/0001 12:00:00 AM
Kramer,Sherman,Ronbert,1/1/0001 12:00:00 AM
Garner,Allen,Fortean,1/1/0001 12:00:00 AM
Carroll,Felicia,Otherway,1/1/0001 12:00:00 AM
Bates,Daisy,Besto,1/1/0001 12:00:00 AM
Rios,Burt,Dyno,1/1/0001 12:00:00 AM
Barnett,Fannie,Incubus,1/1/0001 12:00:00 AM
Wade,Hannah,Obliq,1/1/0001 12:00:00 AM
Patel,Wood,Isopop,1/1/0001 12:00:00 AM
Lopez,Whitney,Comveyor,1/1/0001 12:00:00 AM
Sellers,Kristin,Cogentry,1/1/0001 12:00:00 AM
Snider,Josefina,Globoil,1/1/0001 12:00:00 AM
Mcintosh,April,Animalia,1/1/0001 12:00:00 AM
Kerr,Mosley,Isotronic,1/1/0001 12:00:00 AM
Harrison,Tracey,Makingway,1/1/0001 12:00:00 AM
Wood,Puckett,Waretel,1/1/0001 12:00:00 AM
Bass,Barber,Hivedom,1/1/0001 12:00:00 AM
Guerrero,Bauer,Equitax,1/1/0001 12:00:00 AM
Cobb,Bruce,Fishland,1/1/0001 12:00:00 AM
Livingston,Georgette,Melbacor,1/1/0001 12:00:00 AM
Chandler,Leblanc,Zomboid,1/1/0001 12:00:00 AM
Bean,Pamela,Quilch,1/1/0001 12:00:00 AM
Pruitt,Mcclain,Earthwax,1/1/0001 12:00:00 AM
Morales,Natalia,Qimonk,1/1/0001 12:00:00 AM
Bailey,Maureen,Terascape,1/1/0001 12:00:00 AM
Potter,Tyler,Zentry,1/1/0001 12:00:00 AM
Irwin,Saundra,Softmicro,1/1/0001 12:00:00 AM
Kemp,Edwards,Farmage,1/1/0001 12:00:00 AM
Allison,Berry,Geekko,1/1/0001 12:00:00 AM
Holt,Diaz,Zoarere,1/1/0001 12:00:00 AM
Carrillo,Lowe,Omnigog,1/1/0001 12:00:00 AM
Velazquez,Morin,Zillan,1/1/0001 12:00:00 AM
Stuart,Riddle,Cubix,1/1/0001 12:00:00 AM
Collins,Hanson,Metroz,1/1/0001 12:00:00 AM
Key,Lynn,Zillanet,1/1/0001 12:00:00 AM
Robbins,Blankenship,Extrawear,1/1/0001 12:00:00 AM
Bruce,Henson,Everest,1/1/0001 12:00:00 AM
Hanson,Nellie,Pheast,1/1/0001 12:00:00 AM
Branch,Trevino,Ecosys,1/1/0001 12:00:00 AM
Goodman,Maria,Naxdis,1/1/0001 12:00:00 AM
Hicks,Walton,Panzent,1/1/0001 12:00:00 AM
Carney,Michele,Mixers,1/1/0001 12:00:00 AM
Love,Fischer,Enaut,1/1/0001 12:00:00 AM
Witt,Guerrero,Quadeebo,1/1/0001 12:00:00 AM
Alexander,Sherri,Zentime,1/1/0001 12:00:00 AM
Myers,Horn,Poochies,1/1/0001 12:00:00 AM
Mosley,Serena,Enersol,1/1/0001 12:00:00 AM
Knight,Claudine,Biospan,1/1/0001 12:00:00 AM
Hansen,Tisha,Comvene,1/1/0001 12:00:00 AM
Camacho,Conley,Limage,1/1/0001 12:00:00 AM
Mccullough,Schmidt,Rodeomad,1/1/0001 12:00:00 AM
Odom,Bird,Omatom,1/1/0001 12:00:00 AM
Thornton,Berg,Geekosis,1/1/0001 12:00:00 AM
Wong,Lyons,Comvex,1/1/0001 12:00:00 AM
Guerra,Billie,Xinware,1/1/0001 12:00:00 AM
Solomon,Janna,Navir,1/1/0001 12:00:00 AM
Chase,Dawn,Repetwire,1/1/0001 12:00:00 AM
Hester,Glenn,Chorizon,1/1/0001 12:00:00 AM
Brady,Francine,Brainquil,1/1/0001 12:00:00 AM
Burch,Morrow,Minga,1/1/0001 12:00:00 AM
Hudson,Cherry,Optyk,1/1/0001 12:00:00 AM
Mckay,Marylou,Recrisys,1/1/0001 12:00:00 AM
Zimmerman,Barlow,Cemention,1/1/0001 12:00:00 AM
Steele,Gilbert,Konnect,1/1/0001 12:00:00 AM
Valdez,Shanna,Exovent,1/1/0001 12:00:00 AM
Lawson,Tabitha,Orbean,1/1/0001 12:00:00 AM
Wells,Robbie,Pathways,1/1/0001 12:00:00 AM
Kennedy,Fitzgerald,Uxmox,1/1/0001 12:00:00 AM
Mccall,Roman,Mobildata,1/1/0001 12:00:00 AM
Nieves,Ashlee,Flumbo,1/1/0001 12:00:00 AM
Mcgowan,Mendoza,Geekology,1/1/0001 12:00:00 AM
Rice,Shepard,Zinca,1/1/0001 12:00:00 AM
Sims,Caldwell,Joviold,1/1/0001 12:00:00 AM
Nielsen,Noelle,Zillidium,1/1/0001 12:00:00 AM
Lloyd,Catalina,Furnitech,1/1/0001 12:00:00 AM
Farmer,Lisa,Ecratic,1/1/0001 12:00:00 AM
Holcomb,Maxine,Lunchpod,1/1/0001 12:00:00 AM
Strickland,Alexis,Zentury,1/1/0001 12:00:00 AM
Powell,Gaines,Illumity,1/1/0001 12:00:00 AM
Diaz,Colon,Waab,1/1/0001 12:00:00 AM
Carey,Salas,Furnafix,1/1/0001 12:00:00 AM
Ward,Alberta,Earwax,1/1/0001 12:00:00 AM
Alston,Rosanna,Polarium,1/1/0001 12:00:00 AM
Romero,Moore,Spherix,1/1/0001 12:00:00 AM
Cunningham,Terra,Interodeo,1/1/0001 12:00:00 AM
Allen,Alicia,Datagene,1/1/0001 12:00:00 AM
Maddox,Imelda,Katakana,1/1/0001 12:00:00 AM
Shepard,Taylor,Synkgen,1/1/0001 12:00:00 AM
Weber,Marva,Solaren,1/1/0001 12:00:00 AM
Donaldson,Casandra,Uplinx,1/1/0001 12:00:00 AM
Tran,Pam,Sonique,1/1/0001 12:00:00 AM
Mclean,Clarice,Comtent,1/1/0001 12:00:00 AM
Malone,Jacquelyn,Orbaxter,1/1/0001 12:00:00 AM
Villarreal,Becker,Lunchpad,1/1/0001 12:00:00 AM
Benjamin,Bridges,Quility,1/1/0001 12:00:00 AM
Anthony,Margie,Jasper,1/1/0001 12:00:00 AM
Estes,Bertie,Virva,1/1/0001 12:00:00 AM
Spencer,Angelica,Signity,1/1/0001 12:00:00 AM
Lambert,Powers,Zenolux,1/1/0001 12:00:00 AM
Hardin,Peters,Sarasonic,1/1/0001 12:00:00 AM
Waller,Dennis,Vixo,1/1/0001 12:00:00 AM
Maynard,Crawford,Kengen,1/1/0001 12:00:00 AM
Mendez,Angelique,Zilencio,1/1/0001 12:00:00 AM
Scott,Angie,Zaya,1/1/0001 12:00:00 AM
Campos,Martinez,Gleamink,1/1/0001 12:00:00 AM
Blackburn,Mathews,Colaire,1/1/0001 12:00:00 AM
Goodwin,Bailey,Elita,1/1/0001 12:00:00 AM
Mccarthy,White,Quiltigen,1/1/0001 12:00:00 AM
Conrad,Tyson,Gonkle,1/1/0001 12:00:00 AM
Vance,Morales,Zogak,1/1/0001 12:00:00 AM
Briggs,Adele,Emtrac,1/1/0001 12:00:00 AM
Crosby,Stacy,Iplax,1/1/0001 12:00:00 AM
Kidd,Hernandez,Assurity,1/1/0001 12:00:00 AM
Cook,Kenya,Cofine,1/1/0001 12:00:00 AM
Sullivan,Kris,Optique,1/1/0001 12:00:00 AM
Copeland,Compton,Junipoor,1/1/0001 12:00:00 AM
Gonzalez,Bryant,Dreamia,1/1/0001 12:00:00 AM
Marquez,Chaney,Decratex,1/1/0001 12:00:00 AM
Finley,Maynard,Perkle,1/1/0001 12:00:00 AM
Freeman,Alyson,Gology,1/1/0001 12:00:00 AM
Jones,Hunt,Plasmosis,1/1/0001 12:00:00 AM
Soto,Kelly,Tourmania,1/1/0001 12:00:00 AM
Hood,Irene,Barkarama,1/1/0001 12:00:00 AM
Nichols,Lina,Immunics,1/1/0001 12:00:00 AM
Kirby,Porter,Viagreat,1/1/0001 12:00:00 AM
Vinson,Daphne,Zizzle,1/1/0001 12:00:00 AM
Castaneda,Shana,Deviltoe,1/1/0001 12:00:00 AM
Mcneil,Owens,Exotechno,1/1/0001 12:00:00 AM
Haley,Morris,Senmei,1/1/0001 12:00:00 AM
Griffith,Hayes,Flum,1/1/0001 12:00:00 AM
Rich,Stokes,Austech,1/1/0001 12:00:00 AM
Lara,Cherie,Amtap,1/1/0001 12:00:00 AM
Alvarado,Padilla,Visalia,1/1/0001 12:00:00 AM
Brown,Guzman,Norali,1/1/0001 12:00:00 AM
Bird,Parrish,Ramjob,1/1/0001 12:00:00 AM
Gutierrez,Edwina,Egypto,1/1/0001 12:00:00 AM
Shelton,Adrienne,Namegen,1/1/0001 12:00:00 AM
Garza,Murray,Renovize,1/1/0001 12:00:00 AM
Harris,Miriam,Vortexaco,1/1/0001 12:00:00 AM
Barron,Leonard,Luxuria,1/1/0001 12:00:00 AM
Fisher,Crane,Anixang,1/1/0001 12:00:00 AM
Schneider,Kristina,Quotezart,1/1/0001 12:00:00 AM
Macias,Stacey,Qot,1/1/0001 12:00:00 AM
Huber,Eve,Shadease,1/1/0001 12:00:00 AM
Baldwin,Suarez,Candecor,1/1/0001 12:00:00 AM
Durham,Guadalupe,Acumentor,1/1/0001 12:00:00 AM
Leon,Buckner,Gogol,1/1/0001 12:00:00 AM
Ruiz,Carla,Xyqag,1/1/0001 12:00:00 AM
Pierce,Margarita,Insuresys,1/1/0001 12:00:00 AM
Kelley,Jacobs,Knowlysis,1/1/0001 12:00:00 AM
Rutledge,Craig,Bleeko,1/1/0001 12:00:00 AM
Reeves,Carrie,Talendula,1/1/0001 12:00:00 AM
Summers,Williamson,Isoternia,1/1/0001 12:00:00 AM
Gilbert,Daugherty,Geeknet,1/1/0001 12:00:00 AM
Le,Vasquez,Crustatia,1/1/0001 12:00:00 AM
Yates,Hardy,Infotrips,1/1/0001 12:00:00 AM
Slater,Beard,Urbanshee,1/1/0001 12:00:00 AM
Shannon,Ortega,Gazak,1/1/0001 12:00:00 AM
Mccarty,Sharpe,Gadtron,1/1/0001 12:00:00 AM
Boyle,Gail,Eplode,1/1/0001 12:00:00 AM
Fischer,Lowery,Quantalia,1/1/0001 12:00:00 AM
Gates,Duncan,Quizka,1/1/0001 12:00:00 AM
Sweet,Mccullough,Indexia,1/1/0001 12:00:00 AM
Conner,Aileen,Zanymax,1/1/0001 12:00:00 AM
Mcmillan,Vargas,Earthmark,1/1/0001 12:00:00 AM
Shaw,Leigh,Neocent,1/1/0001 12:00:00 AM
Avery,Ruthie,Escenta,1/1/0001 12:00:00 AM
Donovan,Kristine,Pharmex,1/1/0001 12:00:00 AM
Daniel,Hilary,Undertap,1/1/0001 12:00:00 AM
Franco,Dee,Duoflex,1/1/0001 12:00:00 AM
Luna,Nash,Lovepad,1/1/0001 12:00:00 AM
Fields,Luann,Coriander,1/1/0001 12:00:00 AM
Horton,Paul,Gorganic,1/1/0001 12:00:00 AM
Mcpherson,Fernandez,Satiance,1/1/0001 12:00:00 AM
Arnold,Georgina,Shopabout,1/1/0001 12:00:00 AM
Barton,Contreras,Kenegy,1/1/0001 12:00:00 AM
Wise,Glover,Datacator,1/1/0001 12:00:00 AM
Boyd,Hines,Isosphere,1/1/0001 12:00:00 AM
Charles,Alba,Centuria,1/1/0001 12:00:00 AM
Glass,Elinor,Rotodyne,1/1/0001 12:00:00 AM
Fernandez,Delia,Techade,1/1/0001 12:00:00 AM
Mann,Lilian,Comfirm,1/1/0001 12:00:00 AM
Sykes,Susanne,Interloo,1/1/0001 12:00:00 AM
Colon,Cummings,Ecstasia,1/1/0001 12:00:00 AM
Roach,Norton,Zorromop,1/1/0001 12:00:00 AM
Park,Park,Injoy,1/1/0001 12:00:00 AM
Bray,Parsons,Neurocell,1/1/0001 12:00:00 AM
Whitley,Nichols,Elpro,1/1/0001 12:00:00 AM
Snyder,Wilma,Chillium,1/1/0001 12:00:00 AM
Gilliam,Mclaughlin,Motovate,1/1/0001 12:00:00 AM
Brock,Barron,Buzzworks,1/1/0001 12:00:00 AM
Pope,Michael,Mitroc,1/1/0001 12:00:00 AM
Gibson,Veronica,Olympix,1/1/0001 12:00:00 AM
Haney,Felecia,Endipin,1/1/0001 12:00:00 AM
Duncan,Finch,Oulu,1/1/0001 12:00:00 AM
Shields,Mccoy,Netility,1/1/0001 12:00:00 AM
Downs,Dyer,Maxemia,1/1/0001 12:00:00 AM
Ayala,Ester,Digiprint,1/1/0001 12:00:00 AM
Burton,Hayden,Callflex,1/1/0001 12:00:00 AM
Foreman,Cynthia,Quinex,1/1/0001 12:00:00 AM
King,Marisa,Entropix,1/1/0001 12:00:00 AM
Sharp,Jones,Fleetmix,1/1/0001 12:00:00 AM
Oliver,Helena,Slumberia,1/1/0001 12:00:00 AM
James,Joanne,Exospace,1/1/0001 12:00:00 AM
Richardson,Nora,Recognia,1/1/0001 12:00:00 AM
Alvarez,Herrera,Opportech,1/1/0001 12:00:00 AM
Hodge,Alice,Zilphur,1/1/0001 12:00:00 AM
Jackson,Moreno,Letpro,1/1/0001 12:00:00 AM
Michael,Leslie,Netplax,1/1/0001 12:00:00 AM
Richmond,Mills,Qiao,1/1/0001 12:00:00 AM
Cervantes,Keller,Netbook,1/1/0001 12:00:00 AM
Gay,Clemons,Zensure,1/1/0001 12:00:00 AM
Lowe,Annabelle,Comverges,1/1/0001 12:00:00 AM
Buchanan,Albert,Uniworld,1/1/0001 12:00:00 AM
Hooper,Russo,Veraq,1/1/0001 12:00:00 AM
Bond,Marion,Genesynk,1/1/0001 12:00:00 AM
Brennan,Weaver,Marvane,1/1/0001 12:00:00 AM
Buckley,Patel,Grupoli,1/1/0001 12:00:00 AM
House,Nguyen,Telpod,1/1/0001 12:00:00 AM
Berry,Pope,Comvoy,1/1/0001 12:00:00 AM
Justice,Barker,Zytrac,1/1/0001 12:00:00 AM
Gould,Letitia,Manglo,1/1/0001 12:00:00 AM
Joyner,Patterson,Marketoid,1/1/0001 12:00:00 AM
Bradley,Aguilar,Eschoir,1/1/0001 12:00:00 AM
Mejia,Woodward,Magneato,1/1/0001 12:00:00 AM
Mcdonald,Carly,Viagrand,1/1/0001 12:00:00 AM
Pratt,Tania,Steeltab,1/1/0001 12:00:00 AM
Gill,May,Zytrex,1/1/0001 12:00:00 AM
Guzman,Lynda,Tetak,1/1/0001 12:00:00 AM
Wolfe,Warner,Vertide,1/1/0001 12:00:00 AM
Ratliff,Oneill,Fangold,1/1/0001 12:00:00 AM
Hamilton,Hobbs,Talkola,1/1/0001 12:00:00 AM
Newman,Warren,Yogasm,1/1/0001 12:00:00 AM
Salas,Haynes,Autograte,1/1/0001 12:00:00 AM
Duke,Blake,Macronaut,1/1/0001 12:00:00 AM
Barry,Gardner,Adornica,1/1/0001 12:00:00 AM
Talley,Cleveland,Daycore,1/1/0001 12:00:00 AM
Duffy,Carney,Springbee,1/1/0001 12:00:00 AM
Decker,Hillary,Zosis,1/1/0001 12:00:00 AM
Nolan,Evangelina,Nurali,1/1/0001 12:00:00 AM
Horne,Jeanette,Kegular,1/1/0001 12:00:00 AM
Mcclure,Manuela,Enjola,1/1/0001 12:00:00 AM
Obrien,Rose,Isoswitch,1/1/0001 12:00:00 AM
Ballard,Erin,Multiflex,1/1/0001 12:00:00 AM
Pena,Velma,Amtas,1/1/0001 12:00:00 AM
Roy,Clara,Blurrybus,1/1/0001 12:00:00 AM
Fleming,Concetta,Talkalot,1/1/0001 12:00:00 AM
Levy,Amber,Homelux,1/1/0001 12:00:00 AM
Howe,Sims,Savvy,1/1/0001 12:00:00 AM
Silva,Sharon,Ziggles,1/1/0001 12:00:00 AM
Workman,Lelia,Ewaves,1/1/0001 12:00:00 AM
Gonzales,Antoinette,Nitracyr,1/1/0001 12:00:00 AM
Mcgee,Rosanne,Namebox,1/1/0001 12:00:00 AM
Cummings,Sheppard,Exoplode,1/1/0001 12:00:00 AM
Tucker,Pierce,Portalis,1/1/0001 12:00:00 AM
Holmes,Beverly,Grok,1/1/0001 12:00:00 AM
Andrews,Vinson,Cedward,1/1/0001 12:00:00 AM
Gamble,Rosetta,Tubesys,1/1/0001 12:00:00 AM
Martin,Davidson,Buzzopia,1/1/0001 12:00:00 AM
Hinton,Muriel,Conjurica,1/1/0001 12:00:00 AM
Bryant,Whitfield,Enquility,1/1/0001 12:00:00 AM
Stark,Riley,Bitendrex,1/1/0001 12:00:00 AM
Hughes,Matthews,Imageflow,1/1/0001 12:00:00 AM
Morse,Bernadette,Euron,1/1/0001 12:00:00 AM
Nunez,Marks,Dancity,1/1/0001 12:00:00 AM
Rosa,Harrison,Ontality,1/1/0001 12:00:00 AM
Lester,Coffey,Insurety,1/1/0001 12:00:00 AM
Blankenship,Walters,Zensor,1/1/0001 12:00:00 AM
Rodgers,Claudia,Hinway,1/1/0001 12:00:00 AM
Reyes,Mclean,Opticall,1/1/0001 12:00:00 AM
Monroe,Yang,Extragene,1/1/0001 12:00:00 AM
Hahn,Mae,Hotcakes,1/1/0001 12:00:00 AM
Roth,Lorrie,Digique,1/1/0001 12:00:00 AM
Frazier,Beasley,Protodyne,1/1/0001 12:00:00 AM
Gibbs,Beatrice,Aquacine,1/1/0001 12:00:00 AM
Garcia,Potter,Polaria,1/1/0001 12:00:00 AM
Atkinson,Leonor,Fanfare,1/1/0001 12:00:00 AM
Lee,Mai,Biolive,1/1/0001 12:00:00 AM
York,Allie,Zaggle,1/1/0001 12:00:00 AM
Vang,Carroll,Housedown,1/1/0001 12:00:00 AM
Vazquez,Lane,Combogen,1/1/0001 12:00:00 AM
Hebert,Kari,Soprano,1/1/0001 12:00:00 AM
Benson,Abbott,Comtrek,1/1/0001 12:00:00 AM
Vaughan,Benson,Rockyard,1/1/0001 12:00:00 AM
Howard,Regina,Lyria,1/1/0001 12:00:00 AM
Hull,Blackburn,Uni,1/1/0001 12:00:00 AM
Dale,Shields,Dogtown,1/1/0001 12:00:00 AM
Bennett,Stephanie,Accusage,1/1/0001 12:00:00 AM
Tyler,Corine,Remold,1/1/0001 12:00:00 AM
Bridges,Fuller,Baluba,1/1/0001 12:00:00 AM
Russell,Edith,Geeketron,1/1/0001 12:00:00 AM
Gallegos,Iris,Eventage,1/1/0001 12:00:00 AM
Spence,Roach,Jimbies,1/1/0001 12:00:00 AM
Langley,Ines,Volax,1/1/0001 12:00:00 AM
Walter,Candice,Nipaz,1/1/0001 12:00:00 AM
Battle,Gutierrez,Golistic,1/1/0001 12:00:00 AM
Acevedo,Byrd,Nspire,1/1/0001 12:00:00 AM
Cole,Jerry,Cipromox,1/1/0001 12:00:00 AM
Rosario,Cara,Zerology,1/1/0001 12:00:00 AM
Fox,Diann,Medifax,1/1/0001 12:00:00 AM
Solis,Jessie,Microluxe,1/1/0001 12:00:00 AM
Levine,Norma,Pasturia,1/1/0001 12:00:00 AM
Walker,Bright,Grainspot,1/1/0001 12:00:00 AM
Whitehead,Santiago,Tersanki,1/1/0001 12:00:00 AM
Russo,Jenny,Pyramax,1/1/0001 12:00:00 AM
Clarke,Griffith,Quailcom,1/1/0001 12:00:00 AM
Blevins,Powell,Biflex,1/1/0001 12:00:00 AM
Sexton,Juana,Centice,1/1/0001 12:00:00 AM
Harrell,Alana,Eplosion,1/1/0001 12:00:00 AM
Hancock,Foreman,Magnemo,1/1/0001 12:00:00 AM
Todd,Deann,Honotron,1/1/0001 12:00:00 AM
Huffman,Tran,Ersum,1/1/0001 12:00:00 AM
Ashley,Wise,Retrotex,1/1/0001 12:00:00 AM
Randall,Wade,Strezzo,1/1/0001 12:00:00 AM
Sparks,Freida,Vidto,1/1/0001 12:00:00 AM
Tate,Francesca,Zentia,1/1/0001 12:00:00 AM
Bauer,Clayton,Tripsch,1/1/0001 12:00:00 AM
Vincent,Hopkins,Comtrail,1/1/0001 12:00:00 AM
Hernandez,Nicholson,Voipa,1/1/0001 12:00:00 AM
Pitts,Helene,Inventure,1/1/0001 12:00:00 AM
Gillespie,Lindsey,Orbin,1/1/0001 12:00:00 AM
Rodriguez,Merrill,Ezentia,1/1/0001 12:00:00 AM
Bryan,Ellen,Geeky,1/1/0001 12:00:00 AM
Kent,Debora,Sequitur,1/1/0001 12:00:00 AM
Roberts,Belinda,Zyple,1/1/0001 12:00:00 AM
Wilkinson,Lorie,Zytrek,1/1/0001 12:00:00 AM
Chambers,Ava,Comtest,1/1/0001 12:00:00 AM
Ferrell,Rush,Buzzness,1/1/0001 12:00:00 AM
Richard,Moss,Spacewax,1/1/0001 12:00:00 AM
Schwartz,Hart,Xumonk,1/1/0001 12:00:00 AM
Hunt,Michelle,Nikuda,1/1/0001 12:00:00 AM
Barnes,Shannon,Digifad,1/1/0001 12:00:00 AM
Rogers,Kelsey,Centrexin,1/1/0001 12:00:00 AM
Little,Rollins,Andershun,1/1/0001 12:00:00 AM
Noble,Adams,Tribalog,1/1/0001 12:00:00 AM
Clayton,Candace,Comstruct,1/1/0001 12:00:00 AM
Cain,Pitts,Xeronk,1/1/0001 12:00:00 AM
Mullins,Ochoa,Organica,1/1/0001 12:00:00 AM
Watkins,Rose,Emergent,1/1/0001 12:00:00 AM