LastName,FirstName,Company,PrintBadge
Mueller,Jeanine,Comstruct,1/1/0001 12:00:00 AM
Cross,Blake,Xeronk,1/1/0001 12:00:00 AM
Floyd,Gardner,Organica,1/1/0001 12:00:00 AM
Fry,Cleveland,Emergent,1/1/0001 12:00:00 AM
Craig,Carney,Isoplex,1/1/0001 12:00:00 AM
Woodward,Sims,Orboid,1/1/0001 12:00:00 AM
Suarez,Ebony,Momentia,1/1/0001 12:00:00 AM
Stephenson,Sheppard,Utarian,1/1/0001 12:00:00 AM
Thomas,Pierce,Norsul,1/1/0001 12:00:00 AM
Gray,Vinson,Gracker,1/1/0001 12:00:00 AM
Olson,Shari,Glasstep,1/1/0001 12:00:00 AM
Madden,Davidson,Ovium,1/1/0001 12:00:00 AM
Torres,Lynne,Zenco,1/1/0001 12:00:00 AM
Dotson,Whitfield,Jetsilk,1/1/0001 12:00:00 AM
Frederick,Althea,Danja,1/1/0001 12:00:00 AM
Cote,Riley,Franscene,1/1/0001 12:00:00 AM
Owens,Matthews,Sensate,1/1/0001 12:00:00 AM
Knowles,Cathryn,Quizmo,1/1/0001 12:00:00 AM
Merritt,Marks,Keeg,1/1/0001 12:00:00 AM
Morin,Candy,Tropoli,1/1/0001 12:00:00 AM
Owen,Carey,Digigene,1/1/0001 12:00:00 AM
Watts,Harrison,Geekular,1/1/0001 12:00:00 AM
Mcintyre,Coffey,Prismatic,1/1/0001 12:00:00 AM
Maldonado,Walters,Plasto,1/1/0001 12:00:00 AM
Sosa,Mclean,Photobin,1/1/0001 12:00:00 AM
Payne,Karyn,Hydrocom,1/1/0001 12:00:00 AM
Maxwell,Yang,Viocular,1/1/0001 12:00:00 AM
Juarez,Beasley,Digirang,1/1/0001 12:00:00 AM
Lott,Potter,Aquazure,1/1/0001 12:00:00 AM
Aguilar,Carroll,Hyplex,1/1/0001 12:00:00 AM
Miranda,Tara,Zillacom,1/1/0001 12:00:00 AM
Page,Yvonne,Scenty,1/1/0001 12:00:00 AM
Rojas,May,Cujo,1/1/0001 12:00:00 AM
Hogan,Effie,Micronaut,1/1/0001 12:00:00 AM
Banks,Lane,Combot,1/1/0001 12:00:00 AM
Mccoy,Abbott,Zillactic,1/1/0001 12:00:00 AM
Mcdowell,Madge,Uberlux,1/1/0001 12:00:00 AM
Marshall,Benson,Greeker,1/1/0001 12:00:00 AM
Jefferson,Blackburn,Blanet,1/1/0001 12:00:00 AM
Prince,Shields,Viasia,1/1/0001 12:00:00 AM
Graham,Fuller,Daido,1/1/0001 12:00:00 AM
Mcclain,Lakeisha,Cowtown,1/1/0001 12:00:00 AM
Sutton,Kasey,Gushkool,1/1/0001 12:00:00 AM
Weeks,Roach,Acium,1/1/0001 12:00:00 AM
Mcguire,Gutierrez,Gronk,1/1/0001 12:00:00 AM
Perry,Byrd,Valreda,1/1/0001 12:00:00 AM
Palmer,Bright,Sultrax,1/1/0001 12:00:00 AM
Cooley,Santiago,Voratak,1/1/0001 12:00:00 AM
Santiago,Griffith,Phuel,1/1/0001 12:00:00 AM
Paul,Powell,Xylar,1/1/0001 12:00:00 AM
Stephens,Foreman,Vendblend,1/1/0001 12:00:00 AM
Middleton,Tran,Bizmatic,1/1/0001 12:00:00 AM
Randolph,Wise,Moltonic,1/1/0001 12:00:00 AM
Reid,Wade,Xleen,1/1/0001 12:00:00 AM
Cochran,Clayton,Eyeris,1/1/0001 12:00:00 AM
Parks,Whitney,Providco,1/1/0001 12:00:00 AM
Warren,Courtney,Tingles,1/1/0001 12:00:00 AM
Booth,Hopkins,Apextri,1/1/0001 12:00:00 AM
Sanchez,Hope,Senmao,1/1/0001 12:00:00 AM
Hays,Nicholson,Plutorque,1/1/0001 12:00:00 AM
Padilla,Lindsey,Tellifly,1/1/0001 12:00:00 AM
Leblanc,Sandra,Comtext,1/1/0001 12:00:00 AM
Emerson,Merrill,Musaphics,1/1/0001 12:00:00 AM
Stevens,Rush,Pawnagra,1/1/0001 12:00:00 AM
Bentley,Ofelia,Earthplex,1/1/0001 12:00:00 AM
Willis,Marian,Vicon,1/1/0001 12:00:00 AM
Gentry,Moss,Slambda,1/1/0001 12:00:00 AM
Pickett,Hart,Eventex,1/1/0001 12:00:00 AM
Hampton,Lawanda,Circum,1/1/0001 12:00:00 AM
Peck,Rollins,Geostele,1/1/0001 12:00:00 AM
Salazar,Adams,Myopium,1/1/0001 12:00:00 AM
Bishop,Pitts,Tsunamia,1/1/0001 12:00:00 AM
Holland,Ochoa,Podunk,1/1/0001 12:00:00 AM
Hines,Keri,Gynko,1/1/0001 12:00:00 AM
Lindsey,Jeanie,Applica,1/1/0001 12:00:00 AM
Munoz,Alissa,Ezent,1/1/0001 12:00:00 AM
Ryan,Rose,Cuizine,1/1/0001 12:00:00 AM
Sloan,Kim,Zillatide,1/1/0001 12:00:00 AM
Cameron,Mariana,Hairport,1/1/0001 12:00:00 AM
Vega,Jean,Silodyne,1/1/0001 12:00:00 AM
French,Sallie,Bugsall,1/1/0001 12:00:00 AM
Daugherty,Thompson,Elemantra,1/1/0001 12:00:00 AM
Greene,Long,Kangle,1/1/0001 12:00:00 AM
Dillard,Amy,Sultraxin,1/1/0001 12:00:00 AM
West,Lucile,Parcoe,1/1/0001 12:00:00 AM
Fitzpatrick,Betsy,Digitalus,1/1/0001 12:00:00 AM
Harvey,Eula,Aquamate,1/1/0001 12:00:00 AM
Hawkins,Alston,Fuelton,1/1/0001 12:00:00 AM
Douglas,Slater,Parleynet,1/1/0001 12:00:00 AM
Cash,Lloyd,Filodyne,1/1/0001 12:00:00 AM
Cabrera,Theresa,Bluplanet,1/1/0001 12:00:00 AM
Harrington,Pat,Roboid,1/1/0001 12:00:00 AM
Carver,Paige,Translink,1/1/0001 12:00:00 AM
Holman,Clements,Ziore,1/1/0001 12:00:00 AM
Peters,Salinas,Ludak,1/1/0001 12:00:00 AM
Ramos,Kristy,Calcula,1/1/0001 12:00:00 AM
Hill,Hill,Nimon,1/1/0001 12:00:00 AM
Haynes,Rowena,Playce,1/1/0001 12:00:00 AM
Stafford,Casey,Telequiet,1/1/0001 12:00:00 AM
Harding,Rebekah,Magnafone,1/1/0001 12:00:00 AM
Murray,Rocha,Sportan,1/1/0001 12:00:00 AM
Oconnor,Roslyn,Plasmox,1/1/0001 12:00:00 AM
Terrell,Cecilia,Apex,1/1/0001 12:00:00 AM
Hensley,Rochelle,Songbird,1/1/0001 12:00:00 AM
George,Pauline,Vetron,1/1/0001 12:00:00 AM
Herring,Franks,Electonic,1/1/0001 12:00:00 AM
Walsh,Zamora,Kindaloo,1/1/0001 12:00:00 AM
Kinney,Rivers,Roughies,1/1/0001 12:00:00 AM
Singleton,Foster,Radiantix,1/1/0001 12:00:00 AM
Koch,Munoz,Intergeek,1/1/0001 12:00:00 AM
Delacruz,Nixon,Portaline,1/1/0001 12:00:00 AM
Gardner,Lee,Ceprene,1/1/0001 12:00:00 AM
Hurley,Lela,Scentric,1/1/0001 12:00:00 AM
Moore,Hull,Accupharm,1/1/0001 12:00:00 AM
Morgan,Bush,Arctiq,1/1/0001 12:00:00 AM
Sweeney,Franco,Hawkster,1/1/0001 12:00:00 AM
Ayers,Marcie,Lumbrex,1/1/0001 12:00:00 AM
Potts,Benjamin,Anarco,1/1/0001 12:00:00 AM
Roman,Mckenzie,Eventix,1/1/0001 12:00:00 AM
Hendricks,Vazquez,Pigzart,1/1/0001 12:00:00 AM
Garrison,Inez,Cinesanct,1/1/0001 12:00:00 AM
Massey,Bettie,Eclipsent,1/1/0001 12:00:00 AM
Forbes,Rosemarie,Verbus,1/1/0001 12:00:00 AM
Merrill,Gallegos,Harmoney,1/1/0001 12:00:00 AM
Joyce,Lila,Schoolio,1/1/0001 12:00:00 AM
Wheeler,Tammie,Paprikut,1/1/0001 12:00:00 AM
Rush,Antonia,Gallaxia,1/1/0001 12:00:00 AM
Atkins,Millie,Stucco,1/1/0001 12:00:00 AM
Ware,Lambert,Zillacon,1/1/0001 12:00:00 AM
Parrish,Romero,Stelaecor,1/1/0001 12:00:00 AM
Rivas,Delaney,Prosely,1/1/0001 12:00:00 AM
Whitney,Kelley,Columella,1/1/0001 12:00:00 AM
Huff,Holden,Digigen,1/1/0001 12:00:00 AM
Washington,Ballard,Noralex,1/1/0001 12:00:00 AM
Sampson,Flores,Quarx,1/1/0001 12:00:00 AM
Keller,Dorothea,Imperium,1/1/0001 12:00:00 AM
Mcbride,Ernestine,Niquent,1/1/0001 12:00:00 AM
Eaton,Patti,Genmom,1/1/0001 12:00:00 AM
Ramsey,Ware,Koogle,1/1/0001 12:00:00 AM
Horn,Darcy,Earbang,1/1/0001 12:00:00 AM
Dyer,Shawna,Canopoly,1/1/0001 12:00:00 AM
Bradford,Forbes,Zidox,1/1/0001 12:00:00 AM
Lynn,Dona,Twiggery,1/1/0001 12:00:00 AM
Abbott,Simmons,Acruex,1/1/0001 12:00:00 AM
Small,Eliza,Lotron,1/1/0001 12:00:00 AM
Kaufman,Preston,Farmex,1/1/0001 12:00:00 AM
Wilson,Graciela,Geekola,1/1/0001 12:00:00 AM
Mcdaniel,Roxie,Zappix,1/1/0001 12:00:00 AM
Henderson,Duffy,Memora,1/1/0001 12:00:00 AM
Newton,Weeks,Wrapture,1/1/0001 12:00:00 AM
Williamson,Charles,Menbrain,1/1/0001 12:00:00 AM
Ellis,Gibson,Boilcat,1/1/0001 12:00:00 AM
Cortez,Adkins,Realmo,1/1/0001 12:00:00 AM
Swanson,Ryan,Ohmnet,1/1/0001 12:00:00 AM
Tillman,June,Geekwagon,1/1/0001 12:00:00 AM
Foley,Mcguire,Balooba,1/1/0001 12:00:00 AM
Dejesus,Wilkerson,Limozen,1/1/0001 12:00:00 AM
Tanner,Bishop,Futuris,1/1/0001 12:00:00 AM
Howell,Elma,Pushcart,1/1/0001 12:00:00 AM
Saunders,Mooney,Skybold,1/1/0001 12:00:00 AM
Anderson,Terry,Marqet,1/1/0001 12:00:00 AM
Burns,Crosby,Austex,1/1/0001 12:00:00 AM
Larsen,Valentine,Zenthall,1/1/0001 12:00:00 AM
Miller,Curry,Zentility,1/1/0001 12:00:00 AM
Ferguson,Silva,Deepends,1/1/0001 12:00:00 AM
Wiley,Ollie,Imant,1/1/0001 12:00:00 AM
Oneil,Laurel,Ozean,1/1/0001 12:00:00 AM
Hopper,Camille,Geoforma,1/1/0001 12:00:00 AM
Powers,Meyers,Sentia,1/1/0001 12:00:00 AM
Dickson,Delacruz,Xplor,1/1/0001 12:00:00 AM
Dennis,Parks,Idego,1/1/0001 12:00:00 AM
Beasley,Petra,Steelfab,1/1/0001 12:00:00 AM
Mays,Estelle,Caxt,1/1/0001 12:00:00 AM
Wilkins,Delgado,Geologix,1/1/0001 12:00:00 AM
Crawford,Cooper,Cyclonica,1/1/0001 12:00:00 AM
Long,Madelyn,Architax,1/1/0001 12:00:00 AM
Caldwell,Horton,Newcube,1/1/0001 12:00:00 AM
Elliott,Hilda,Aeora,1/1/0001 12:00:00 AM
Deleon,Frances,Ginkogene,1/1/0001 12:00:00 AM
Mcconnell,Yolanda,Cytrex,1/1/0001 12:00:00 AM
Patterson,Ann,Edecine,1/1/0001 12:00:00 AM
Hartman,Cardenas,Digial,1/1/0001 12:00:00 AM
Cooke,Corrine,Updat,1/1/0001 12:00:00 AM
Chan,Marcy,Quarmony,1/1/0001 12:00:00 AM
Mcfarland,Helga,Securia,1/1/0001 12:00:00 AM
Perez,Lee,Dymi,1/1/0001 12:00:00 AM
Poole,Sheree,Xixan,1/1/0001 12:00:00 AM
Conley,Rhonda,Oatfarm,1/1/0001 12:00:00 AM
Crane,Malone,Plexia,1/1/0001 12:00:00 AM
Moreno,Celina,Ebidco,1/1/0001 12:00:00 AM
Aguirre,Lorraine,Syntac,1/1/0001 12:00:00 AM
England,Deleon,Genmy,1/1/0001 12:00:00 AM
Mcknight,Taylor,Lingoage,1/1/0001 12:00:00 AM
Flynn,Wendy,Bunga,1/1/0001 12:00:00 AM
Jordan,Everett,Straloy,1/1/0001 12:00:00 AM
Lane,Young,Shepard,1/1/0001 12:00:00 AM
Pittman,Koch,Geekmosis,1/1/0001 12:00:00 AM
Calhoun,Brianna,Assistia,1/1/0001 12:00:00 AM
Norman,Viola,Bleendot,1/1/0001 12:00:00 AM
Vaughn,Rosales,Dragbot,1/1/0001 12:00:00 AM
Bush,Bradshaw,Exoswitch,1/1/0001 12:00:00 AM
Ortiz,Noemi,Zoid,1/1/0001 12:00:00 AM
Sears,Georgia,Asimiline,1/1/0001 12:00:00 AM
Evans,Ross,Quonata,1/1/0001 12:00:00 AM
Lindsay,Dunn,Gluid,1/1/0001 12:00:00 AM
Rowe,Danielle,Daisu,1/1/0001 12:00:00 AM
Dodson,Geraldine,Techtrix,1/1/0001 12:00:00 AM
Wright,Andrews,Skyplex,1/1/0001 12:00:00 AM
Yang,Greer,Frolix,1/1/0001 12:00:00 AM
Walters,Sasha,Maineland,1/1/0001 12:00:00 AM
Galloway,Miranda,Uneeq,1/1/0001 12:00:00 AM
Hart,Mable,Sulfax,1/1/0001 12:00:00 AM
Frost,Nadine,Isbol,1/1/0001 12:00:00 AM
Gomez,Gould,Terrago,1/1/0001 12:00:00 AM
Klein,Olsen,Utara,1/1/0001 12:00:00 AM
Mclaughlin,Eileen,Miracula,1/1/0001 12:00:00 AM
Montgomery,Sosa,Accruex,1/1/0001 12:00:00 AM
Guthrie,Erma,Extragen,1/1/0001 12:00:00 AM
Ellison,Riggs,Halap,1/1/0001 12:00:00 AM
Mack,Rosa,Ginkle,1/1/0001 12:00:00 AM
Barlow,Larsen,Idetica,1/1/0001 12:00:00 AM
Dudley,Misty,Insuron,1/1/0001 12:00:00 AM
Underwood,Jayne,Bullzone,1/1/0001 12:00:00 AM
Mckinney,Kaufman,Corporana,1/1/0001 12:00:00 AM
Mayer,Howard,Opticom,1/1/0001 12:00:00 AM
Chang,Baird,Accel,1/1/0001 12:00:00 AM
Hutchinson,Erika,Entogrok,1/1/0001 12:00:00 AM
Wynn,Raymond,Premiant,1/1/0001 12:00:00 AM
Robertson,Neva,Temorak,1/1/0001 12:00:00 AM
Cleveland,Kelly,Lexicondo,1/1/0001 12:00:00 AM
Holder,Lamb,Kiggle,1/1/0001 12:00:00 AM
Valentine,Martha,Enormo,1/1/0001 12:00:00 AM
Rodriquez,Irma,Applideck,1/1/0001 12:00:00 AM
Burgess,Petersen,Mantrix,1/1/0001 12:00:00 AM
Petersen,Susanna,Zolar,1/1/0001 12:00:00 AM
Price,Terrie,Twiist,1/1/0001 12:00:00 AM
Neal,Shannon,Medalert,1/1/0001 12:00:00 AM
Buckner,Jordan,Conferia,1/1/0001 12:00:00 AM
Farrell,Merritt,Kraggle,1/1/0001 12:00:00 AM
Nguyen,Bowen,Orbiflex,1/1/0001 12:00:00 AM
Carr,Rivera,Supremia,1/1/0001 12:00:00 AM
Marsh,Rosalind,Vantage,1/1/0001 12:00:00 AM
Short,Boyd,Exerta,1/1/0001 12:00:00 AM
Blackwell,Chandra,Sybixtex,1/1/0001 12:00:00 AM
Parker,Therese,Icology,1/1/0001 12:00:00 AM
Mccray,Coleman,Comtour,1/1/0001 12:00:00 AM
Mcmahon,Brooks,Flyboyz,1/1/0001 12:00:00 AM
Murphy,Esmeralda,Xiix,1/1/0001 12:00:00 AM
Leonard,Cornelia,Empirica,1/1/0001 12:00:00 AM
Clay,Winnie,Isologica,1/1/0001 12:00:00 AM
Dixon,Faith,Cognicode,1/1/0001 12:00:00 AM
Stanley,Janelle,Entality,1/1/0001 12:00:00 AM
Ford,Bell,Xelegyl,1/1/0001 12:00:00 AM
Stokes,Williams,Sureplex,1/1/0001 12:00:00 AM
Hardy,Phyllis,Stralum,1/1/0001 12:00:00 AM
Gordon,Watson,Dognost,1/1/0001 12:00:00 AM
Hoffman,Lillie,Ecraze,1/1/0001 12:00:00 AM
Thompson,Kerry,Megall,1/1/0001 12:00:00 AM
Edwards,Ora,Krag,1/1/0001 12:00:00 AM
Keith,Lewis,Elentrix,1/1/0001 12:00:00 AM
Schmidt,Salazar,Ultrimax,1/1/0001 12:00:00 AM
Wilcox,Castaneda,Imkan,1/1/0001 12:00:00 AM
Gilmore,Gwendolyn,Yurture,1/1/0001 12:00:00 AM
Dominguez,Rachel,Turnling,1/1/0001 12:00:00 AM
Day,Dorothy,Recritube,1/1/0001 12:00:00 AM
Clements,Patty,Fiberox,1/1/0001 12:00:00 AM
Hale,Melton,Velos,1/1/0001 12:00:00 AM
Walls,Josie,Moreganic,1/1/0001 12:00:00 AM
Waters,Reed,Gink,1/1/0001 12:00:00 AM
Warner,Vicki,Ovation,1/1/0001 12:00:00 AM
Macdonald,Traci,Snorus,1/1/0001 12:00:00 AM
Fletcher,Margo,Overfork,1/1/0001 12:00:00 AM
Peterson,Diana,Bedlam,1/1/0001 12:00:00 AM
Erickson,Cox,Magmina,1/1/0001 12:00:00 AM
Schroeder,Poole,Frenex,1/1/0001 12:00:00 AM
Mcleod,Rachelle,Permadyne,1/1/0001 12:00:00 AM
Cruz,Olivia,Comtract,1/1/0001 12:00:00 AM
Shaffer,Garrison,Zytrax,1/1/0001 12:00:00 AM
Melendez,Carpenter,Webiotic,1/1/0001 12:00:00 AM
Santana,Jenna,Pearlessa,1/1/0001 12:00:00 AM
Christian,Lawrence,Eargo,1/1/0001 12:00:00 AM
Reese,Mendez,Opticon,1/1/0001 12:00:00 AM
Matthews,Carter,Norsup,1/1/0001 12:00:00 AM
Pate,Wiggins,Qualitex,1/1/0001 12:00:00 AM
Joseph,Hendricks,Genekom,1/1/0001 12:00:00 AM
Duran,Cline,Hopeli,1/1/0001 12:00:00 AM
Roberson,Reeves,Otherside,1/1/0001 12:00:00 AM
Tyson,Flora,Techmania,1/1/0001 12:00:00 AM
Burke,Adriana,Dentrex,1/1/0001 12:00:00 AM
Carpenter,Alma,Coash,1/1/0001 12:00:00 AM
Medina,Underwood,Quonk,1/1/0001 12:00:00 AM
Grimes,Reba,Zedalis,1/1/0001 12:00:00 AM
Goff,Tracie,Neptide,1/1/0001 12:00:00 AM
Beck,Savannah,Proxsoft,1/1/0001 12:00:00 AM
Sherman,Tameka,Corecom,1/1/0001 12:00:00 AM
Buck,Carlson,Geekol,1/1/0001 12:00:00 AM
Rollins,Susan,Zerbina,1/1/0001 12:00:00 AM
Leach,Campbell,Atgen,1/1/0001 12:00:00 AM
Shepherd,Emerson,Magnina,1/1/0001 12:00:00 AM
Faulkner,Maldonado,Qnekt,1/1/0001 12:00:00 AM
Savage,Callahan,Overplex,1/1/0001 12:00:00 AM
Jenkins,Gomez,Cytrak,1/1/0001 12:00:00 AM
Rosales,Marilyn,Equicom,1/1/0001 12:00:00 AM
Francis,Holland,Exposa,1/1/0001 12:00:00 AM
Rasmussen,Snyder,Andryx,1/1/0001 12:00:00 AM
Bright,Oneal,Goko,1/1/0001 12:00:00 AM
Robinson,Barnes,Confrenzy,1/1/0001 12:00:00 AM
Bartlett,Chase,Terrasys,1/1/0001 12:00:00 AM
Byers,Ada,Portica,1/1/0001 12:00:00 AM
Mckenzie,Bolton,Nurplex,1/1/0001 12:00:00 AM
Weiss,Anderson,Anacho,1/1/0001 12:00:00 AM
Good,Glass,Comstar,1/1/0001 12:00:00 AM
Boone,Imogene,Izzby,1/1/0001 12:00:00 AM
Hobbs,Christina,Cincyr,1/1/0001 12:00:00 AM
Butler,Barton,Inear,1/1/0001 12:00:00 AM
Clemons,Spence,Aclima,1/1/0001 12:00:00 AM
Hewitt,Howell,Strozen,1/1/0001 12:00:00 AM
Finch,Reese,Rocklogic,1/1/0001 12:00:00 AM
Grant,Nikki,Speedbolt,1/1/0001 12:00:00 AM
Whitaker,Levy,Nebulean,1/1/0001 12:00:00 AM
Meyers,Goodwin,Cubicide,1/1/0001 12:00:00 AM
Mercer,Debbie,Vinch,1/1/0001 12:00:00 AM
Raymond,Woodard,Fitcore,1/1/0001 12:00:00 AM
Casey,Judy,Sustenza,1/1/0001 12:00:00 AM
Sheppard,Addie,Miraclis,1/1/0001 12:00:00 AM
Moss,Katina,Toyletry,1/1/0001 12:00:00 AM
Dalton,Marsha,Portico,1/1/0001 12:00:00 AM
Lowery,Kayla,Insectus,1/1/0001 12:00:00 AM
Sawyer,Kramer,Koffee,1/1/0001 12:00:00 AM
Calderon,Wells,Martgo,1/1/0001 12:00:00 AM
Higgins,York,Primordia,1/1/0001 12:00:00 AM
Frye,Richard,Diginetic,1/1/0001 12:00:00 AM
Humphrey,Booker,Zillar,1/1/0001 12:00:00 AM
Giles,Willie,Freakin,1/1/0001 12:00:00 AM
Knox,Nancy,Capscreen,1/1/0001 12:00:00 AM
Ray,Key,Zilodyne,1/1/0001 12:00:00 AM
Henson,Elise,Krog,1/1/0001 12:00:00 AM
Barker,Vonda,Suretech,1/1/0001 12:00:00 AM
Vargas,Lauri,Gynk,1/1/0001 12:00:00 AM
Schultz,Clay,Exozent,1/1/0001 12:00:00 AM
Kelly,Eaton,Codax,1/1/0001 12:00:00 AM
Quinn,Rosa,Frosnex,1/1/0001 12:00:00 AM
Coleman,Karin,Aquasure,1/1/0001 12:00:00 AM
Sanders,Alexandra,Geekus,1/1/0001 12:00:00 AM
Simmons,Meadows,Nexgene,1/1/0001 12:00:00 AM
Hoover,Ratliff,Mondicil,1/1/0001 12:00:00 AM
Hopkins,Hughes,Affluex,1/1/0001 12:00:00 AM
Ochoa,Woods,Verton,1/1/0001 12:00:00 AM
Cotton,Fulton,Aquoavo,1/1/0001 12:00:00 AM
Hurst,Selma,Rugstars,1/1/0001 12:00:00 AM
Christensen,Sutton,Fuelworks,1/1/0001 12:00:00 AM
Davidson,Lara,Kinetica,1/1/0001 12:00:00 AM
Marks,Fisher,Futurity,1/1/0001 12:00:00 AM
Mckee,Cassie,Vitricomp,1/1/0001 12:00:00 AM
Mitchell,Amparo,Zuvy,1/1/0001 12:00:00 AM
Boyer,Wolf,Turnabout,1/1/0001 12:00:00 AM
Pennington,Mcgowan,Accidency,1/1/0001 12:00:00 AM
Green,Valencia,Rodeology,1/1/0001 12:00:00 AM
Britt,Robyn,Zilla,1/1/0001 12:00:00 AM
Gaines,Alford,Bytrex,1/1/0001 12:00:00 AM
Espinoza,Becky,Xsports,1/1/0001 12:00:00 AM
Gross,Anne,Bisba,1/1/0001 12:00:00 AM
Jacobson,Pena,Ultrasure,1/1/0001 12:00:00 AM
Golden,Maryanne,Splinx,1/1/0001 12:00:00 AM
Parsons,Kane,Xerex,1/1/0001 12:00:00 AM
Compton,Noble,Musix,1/1/0001 12:00:00 AM
Glenn,Brittany,Netagy,1/1/0001 12:00:00 AM
Burks,Dixon,Zounds,1/1/0001 12:00:00 AM
Flores,Guy,Entroflex,1/1/0001 12:00:00 AM
Franks,Burris,Multron,1/1/0001 12:00:00 AM
Houston,Leola,Slofast,1/1/0001 12:00:00 AM
Logan,Shaw,Apexia,1/1/0001 12:00:00 AM
Rivers,Barrera,Essensia,1/1/0001 12:00:00 AM
Brewer,Fitzpatrick,Cytrek,1/1/0001 12:00:00 AM
Head,Lolita,Bezal,1/1/0001 12:00:00 AM
Berg,Christian,Polarax,1/1/0001 12:00:00 AM
Curtis,Duran,Keengen,1/1/0001 12:00:00 AM
Preston,Trujillo,Acusage,1/1/0001 12:00:00 AM
Avila,Butler,Kaggle,1/1/0001 12:00:00 AM
Cox,Alta,Mediot,1/1/0001 12:00:00 AM
Patton,Bobbi,Enerforce,1/1/0001 12:00:00 AM
Olsen,Randolph,Zensus,1/1/0001 12:00:00 AM
Patrick,Bentley,Maximind,1/1/0001 12:00:00 AM
Barr,Watkins,Musanpoly,1/1/0001 12:00:00 AM
Morrow,Morgan,Klugger,1/1/0001 12:00:00 AM
Mayo,Mcneil,Isotrack,1/1/0001 12:00:00 AM
Hubbard,Ewing,Ronelon,1/1/0001 12:00:00 AM
Kirkland,Bullock,Jumpstack,1/1/0001 12:00:00 AM
Bernard,Gates,Xth,1/1/0001 12:00:00 AM
Wilder,Cote,Ovolo,1/1/0001 12:00:00 AM
Castro,Vance,Dadabase,1/1/0001 12:00:00 AM
Mathis,Alisha,Medcom,1/1/0001 12:00:00 AM
Petty,Nina,Bolax,1/1/0001 12:00:00 AM
Becker,Knox,Kidgrease,1/1/0001 12:00:00 AM
Reed,Kinney,Tubalum,1/1/0001 12:00:00 AM
Kane,Cheri,Tasmania,1/1/0001 12:00:00 AM
Hall,Sargent,Xanide,1/1/0001 12:00:00 AM
Callahan,Matilda,Velity,1/1/0001 12:00:00 AM
Dunn,Johnson,Biotica,1/1/0001 12:00:00 AM
Mason,Skinner,Liquicom,1/1/0001 12:00:00 AM
Nash,Bass,Gaptec,1/1/0001 12:00:00 AM
Johnston,Jillian,Exoblue,1/1/0001 12:00:00 AM
Hammond,Lorene,Accuprint,1/1/0001 12:00:00 AM
May,Day,Medesign,1/1/0001 12:00:00 AM
Figueroa,Brewer,Comtrak,1/1/0001 12:00:00 AM
Robles,Jeannie,Trasola,1/1/0001 12:00:00 AM
Perkins,Patrick,Bristo,1/1/0001 12:00:00 AM
Mccormick,Mitchell,Comdom,1/1/0001 12:00:00 AM
Valenzuela,Lucy,Bittor,1/1/0001 12:00:00 AM
Cannon,Gayle,Cosmetex,1/1/0001 12:00:00 AM
Browning,Livingston,Endipine,1/1/0001 12:00:00 AM
Sanford,Barr,Rameon,1/1/0001 12:00:00 AM
Gallagher,Evelyn,Imaginart,1/1/0001 12:00:00 AM
Brooks,Ramos,Retrack,1/1/0001 12:00:00 AM
Contreras,Kellie,Geofarm,1/1/0001 12:00:00 AM
Cooper,Douglas,Zepitope,1/1/0001 12:00:00 AM
Johns,Winifred,Kyaguru,1/1/0001 12:00:00 AM
Henry,Cook,Zeam,1/1/0001 12:00:00 AM
Ross,Ophelia,Aquasseur,1/1/0001 12:00:00 AM
Knapp,Kitty,Artiq,1/1/0001 12:00:00 AM
Carson,Tillman,Virxo,1/1/0001 12:00:00 AM
Stevenson,Deana,Surelogic,1/1/0001 12:00:00 AM
Watson,Cruz,Kneedles,1/1/0001 12:00:00 AM
Sargent,Melissa,Assistix,1/1/0001 12:00:00 AM
Smith,Joyce,Teraprene,1/1/0001 12:00:00 AM
Montoya,Alisa,Isosure,1/1/0001 12:00:00 AM
Curry,Sloan,Zilladyne,1/1/0001 12:00:00 AM
Moran,Clark,Rooforia,1/1/0001 12:00:00 AM
Beard,Wagner,Nixelt,1/1/0001 12:00:00 AM
Franklin,Deloris,Valpreal,1/1/0001 12:00:00 AM
Glover,Rivas,Extremo,1/1/0001 12:00:00 AM
Dorsey,Eva,Mantro,1/1/0001 12:00:00 AM
Kirk,Angeline,Buzzmaker,1/1/0001 12:00:00 AM
Jensen,Wallace,Enthaze,1/1/0001 12:00:00 AM
Hodges,Heidi,Interfind,1/1/0001 12:00:00 AM
Rocha,Spears,Solgan,1/1/0001 12:00:00 AM
Bullock,Brandy,Thredz,1/1/0001 12:00:00 AM
Woodard,England,Dognosis,1/1/0001 12:00:00 AM
Santos,Love,Bicol,1/1/0001 12:00:00 AM
Nelson,Burgess,Zaj,1/1/0001 12:00:00 AM
Morton,Phelps,Handshake,1/1/0001 12:00:00 AM
Osborne,Olive,Ecolight,1/1/0001 12:00:00 AM
Velez,Sparks,Bluegrain,1/1/0001 12:00:00 AM
White,James,Suremax,1/1/0001 12:00:00 AM
William,Washington,Phormula,1/1/0001 12:00:00 AM
Pearson,Christian,Helixo,1/1/0001 12:00:00 AM
Carlson,Nola,Comcur,1/1/0001 12:00:00 AM
Cohen,Cathy,Pyramia,1/1/0001 12:00:00 AM
Skinner,Houston,Corpulse,1/1/0001 12:00:00 AM
Oneal,Paulette,Enervate,1/1/0001 12:00:00 AM
Blanchard,Tia,Puria,1/1/0001 12:00:00 AM
Hayden,Natalie,Octocore,1/1/0001 12:00:00 AM
Hatfield,Vega,Uncorp,1/1/0001 12:00:00 AM
Norton,Rhodes,Malathion,1/1/0001 12:00:00 AM
Taylor,Abby,Vurbo,1/1/0001 12:00:00 AM
Jarvis,Stanley,Envire,1/1/0001 12:00:00 AM
Riggs,Simon,Brainclip,1/1/0001 12:00:00 AM
Baker,Maxwell,Concility,1/1/0001 12:00:00 AM
Barrera,Osborn,Remotion,1/1/0001 12:00:00 AM
Young,Davis,Olucore,1/1/0001 12:00:00 AM
Ramirez,Hutchinson,Idealis,1/1/0001 12:00:00 AM
Larson,Prince,Pulze,1/1/0001 12:00:00 AM
Church,Robert,Plasmos,1/1/0001 12:00:00 AM
Lynch,Sonja,Insurity,1/1/0001 12:00:00 AM
Terry,Stephenson,Xymonk,1/1/0001 12:00:00 AM
Winters,Nona,Calcu,1/1/0001 12:00:00 AM
Foster,Price,Automon,1/1/0001 12:00:00 AM
Chaney,Ruth,Zilch,1/1/0001 12:00:00 AM
Hyde,Molly,Datagen,1/1/0001 12:00:00 AM
Trujillo,Hays,Kozgene,1/1/0001 12:00:00 AM
Flowers,Kaitlin,Fibrodyne,1/1/0001 12:00:00 AM
Williams,Greta,Eyewax,1/1/0001 12:00:00 AM
Fulton,Wilda,Orbixtar,1/1/0001 12:00:00 AM
Bowen,Rhoda,Visualix,1/1/0001 12:00:00 AM
Mcfadden,Le,Isonus,1/1/0001 12:00:00 AM
Wooten,Graham,Billmed,1/1/0001 12:00:00 AM
Pugh,Myrtle,Kineticut,1/1/0001 12:00:00 AM
Woods,Erna,Quilk,1/1/0001 12:00:00 AM
Townsend,Sellers,Hometown,1/1/0001 12:00:00 AM
Fuentes,Baldwin,Inquala,1/1/0001 12:00:00 AM
Mooney,Reilly,Xurban,1/1/0001 12:00:00 AM
Delaney,Huber,Genmex,1/1/0001 12:00:00 AM
Oneill,Rosario,Zentix,1/1/0001 12:00:00 AM
Morrison,Mia,Extro,1/1/0001 12:00:00 AM
Blake,Cecile,Realysis,1/1/0001 12:00:00 AM
Bolton,David,Corepan,1/1/0001 12:00:00 AM
Gregory,Jewel,Matrixity,1/1/0001 12:00:00 AM
Wiggins,Nielsen,Xoggle,1/1/0001 12:00:00 AM
Adams,Stanton,Unisure,1/1/0001 12:00:00 AM
Vasquez,Sykes,Inrt,1/1/0001 12:00:00 AM
Snow,Esther,Accufarm,1/1/0001 12:00:00 AM
Phillips,Vickie,Avenetro,1/1/0001 12:00:00 AM
Sharpe,Deanna,Deminimum,1/1/0001 12:00:00 AM
Wallace,Maddox,Powernet,1/1/0001 12:00:00 AM
Weaver,Green,Trollery,1/1/0001 12:00:00 AM
Harmon,Snider,Oceanica,1/1/0001 12:00:00 AM
Cantu,Mcmillan,Sealoud,1/1/0001 12:00:00 AM
Benton,Santana,Acrodance,1/1/0001 12:00:00 AM
Manning,Britt,Comvey,1/1/0001 12:00:00 AM
Burnett,Francisca,Applidec,1/1/0001 12:00:00 AM
Lewis,Trudy,Zilidium,1/1/0001 12:00:00 AM
Bowers,Case,Qaboos,1/1/0001 12:00:00 AM
Burris,Yvette,Kyagoro,1/1/0001 12:00:00 AM
Miles,Joyce,Fossiel,1/1/0001 12:00:00 AM
Morris,Johns,Kog,1/1/0001 12:00:00 AM
Johnson,Cherry,Firewax,1/1/0001 12:00:00 AM
Molina,Jarvis,Rockabye,1/1/0001 12:00:00 AM
Graves,Lidia,Rodeocean,1/1/0001 12:00:00 AM
Holden,Shelley,Centregy,1/1/0001 12:00:00 AM
Griffin,Knowles,Combogene,1/1/0001 12:00:00 AM
Drake,Staci,Venoflex,1/1/0001 12:00:00 AM
Meyer,Saunders,Beadzza,1/1/0001 12:00:00 AM
Dunlap,Teresa,Exiand,1/1/0001 12:00:00 AM
Serrano,Dale,Glukgluk,1/1/0001 12:00:00 AM
Bell,Hazel,Duflex,1/1/0001 12:00:00 AM
Pollard,Summers,Isologics,1/1/0001 12:00:00 AM
Martinez,Jeri,Centree,1/1/0001 12:00:00 AM
Walton,Stevens,Eternis,1/1/0001 12:00:00 AM
Valencia,Teri,Netur,1/1/0001 12:00:00 AM
Coffey,Short,Prowaste,1/1/0001 12:00:00 AM
Meadows,Hester,Kongene,1/1/0001 12:00:00 AM
Barber,Avis,Qualitern,1/1/0001 12:00:00 AM
Riddle,Sandoval,Peticular,1/1/0001 12:00:00 AM
Greer,Dollie,Songlines,1/1/0001 12:00:00 AM
Mills,Frieda,Zolarity,1/1/0001 12:00:00 AM
Puckett,Noel,Singavera,1/1/0001 12:00:00 AM
Porter,Daniel,Quintity,1/1/0001 12:00:00 AM
Daniels,Lessie,Quarex,1/1/0001 12:00:00 AM
Richards,Kate,Delphide,1/1/0001 12:00:00 AM
Dillon,Chambers,Signidyne,1/1/0001 12:00:00 AM
Odonnell,Deanne,Codact,1/1/0001 12:00:00 AM
Chen,Mcbride,Supportal,1/1/0001 12:00:00 AM
Rose,Barbra,Sunclipse,1/1/0001 12:00:00 AM
Dickerson,Ladonna,Netropic,1/1/0001 12:00:00 AM
Garrett,Bender,Zolarex,1/1/0001 12:00:00 AM
Craft,Carson,Kage,1/1/0001 12:00:00 AM
Pacheco,Eunice,Obones,1/1/0001 12:00:00 AM
Harper,Berta,Bulljuice,1/1/0001 12:00:00 AM
Norris,Mcgee,Atomica,1/1/0001 12:00:00 AM
Stanton,Denise,Zanity,1/1/0001 12:00:00 AM
Stein,Elaine,Wazzu,1/1/0001 12:00:00 AM
Velasquez,Frankie,Pholio,1/1/0001 12:00:00 AM
Navarro,Debra,Enersave,1/1/0001 12:00:00 AM
Phelps,Gale,Insource,1/1/0001 12:00:00 AM
Delgado,Anna,Bostonic,1/1/0001 12:00:00 AM
Lyons,Rios,Enomen,1/1/0001 12:00:00 AM
Hendrix,Russell,Proflex,1/1/0001 12:00:00 AM
Moody,Reyna,Unia,1/1/0001 12:00:00 AM
Castillo,Vivian,Darwinium,1/1/0001 12:00:00 AM
Black,Cooley,Liquidoc,1/1/0001 12:00:00 AM
Austin,Dean,Reversus,1/1/0001 12:00:00 AM
Kline,Rich,Eclipto,1/1/0001 12:00:00 AM
Simpson,Jimenez,Bitrex,1/1/0001 12:00:00 AM
English,Juarez,Snips,1/1/0001 12:00:00 AM
Cardenas,Tanisha,Slax,1/1/0001 12:00:00 AM
Heath,Sullivan,Zoxy,1/1/0001 12:00:00 AM
Herman,Tammy,Pyramis,1/1/0001 12:00:00 AM
Nixon,Ashley,Kongle,1/1/0001 12:00:00 AM
Ortega,Letha,Zork,1/1/0001 12:00:00 AM
Mathews,Mccarthy,Cablam,1/1/0001 12:00:00 AM
Melton,Lora,Exospeed,1/1/0001 12:00:00 AM
Best,Herring,Netplode,1/1/0001 12:00:00 AM
Collier,Kelli,Cormoran,1/1/0001 12:00:00 AM
Campbell,Mayer,Emtrak,1/1/0001 12:00:00 AM
Carter,Petty,Assitia,1/1/0001 12:00:00 AM
Simon,Angel,Equitox,1/1/0001 12:00:00 AM
Kim,Arlene,Quantasis,1/1/0001 12:00:00 AM
Doyle,Dianne,Zolavo,1/1/0001 12:00:00 AM
Bradshaw,Lea,Petigems,1/1/0001 12:00:00 AM
Bowman,Pratt,Lyrichord,1/1/0001 12:00:00 AM
Lucas,Mcpherson,Papricut,1/1/0001 12:00:00 AM
Blair,Isabelle,Intrawear,1/1/0001 12:00:00 AM
Riley,Harrington,Poshome,1/1/0001 12:00:00 AM
Chavez,Duke,Pyrami,1/1/0001 12:00:00 AM
Wagner,Yates,Anivet,1/1/0001 12:00:00 AM
Wilkerson,Barry,Aquafire,1/1/0001 12:00:00 AM
Ingram,Marta,Medmex,1/1/0001 12:00:00 AM
Armstrong,Jeannette,Cinaster,1/1/0001 12:00:00 AM
Ewing,Bean,Pharmacon,1/1/0001 12:00:00 AM
Trevino,Buck,Isologia,1/1/0001 12:00:00 AM
Ball,Sharlene,Kidstock,1/1/0001 12:00:00 AM
Bonner,Bernice,Mazuda,1/1/0001 12:00:00 AM
Fuller,Nannie,Intradisk,1/1/0001 12:00:00 AM
Jimenez,Rasmussen,Manufact,1/1/0001 12:00:00 AM
Conway,Callie,Paragonia,1/1/0001 12:00:00 AM
Fowler,Marla,Pivitol,1/1/0001 12:00:00 AM
Guy,Bond,Zoinage,1/1/0001 12:00:00 AM
Fitzgerald,Tiffany,Quilm,1/1/0001 12:00:00 AM
Moon,Melva,Eweville,1/1/0001 12:00:00 AM
Salinas,Mcdowell,Nutralab,1/1/0001 12:00:00 AM
Hayes,Morgan,Exostream,1/1/0001 12:00:00 AM
Stone,Emma,Dancerity,1/1/0001 12:00:00 AM
Nicholson,Renee,Anocha,1/1/0001 12:00:00 AM
Berger,Carol,Telepark,1/1/0001 12:00:00 AM
Burt,Henry,Skinserve,1/1/0001 12:00:00 AM
Wyatt,Elva,Kiosk,1/1/0001 12:00:00 AM
Jennings,Haley,Geoform,1/1/0001 12:00:00 AM
Reynolds,Suzanne,Rubadub,1/1/0001 12:00:00 AM
Clark,Jodie,Stockpost,1/1/0001 12:00:00 AM
Rivera,Latonya,Zidant,1/1/0001 12:00:00 AM
Travis,Ilene,Comtours,1/1/0001 12:00:00 AM
Stewart,Montgomery,Waterbaby,1/1/0001 12:00:00 AM
Wolf,Mallory,Terragen,1/1/0001 12:00:00 AM
Estrada,Violet,Zialactic,1/1/0001 12:00:00 AM
Lawrence,Stacie,Rodemco,1/1/0001 12:00:00 AM
Cline,Aline,Snowpoke,1/1/0001 12:00:00 AM
Spears,Whitley,Amril,1/1/0001 12:00:00 AM
Adkins,Liliana,Furnigeer,1/1/0001 12:00:00 AM
Lang,Gamble,Snacktion,1/1/0001 12:00:00 AM
Byrd,Osborne,Jamnation,1/1/0001 12:00:00 AM
Lancaster,Holcomb,Exodoc,1/1/0001 12:00:00 AM
Osborn,Myers,Exoteric,1/1/0001 12:00:00 AM
Booker,Graves,Isostream,1/1/0001 12:00:00 AM
Cherry,Melba,Boink,1/1/0001 12:00:00 AM
David,Hurley,Ecrater,1/1/0001 12:00:00 AM
Baird,Lindsay,Tropolis,1/1/0001 12:00:00 AM
Reilly,Erica,Hatology,1/1/0001 12:00:00 AM
Farley,Morton,Comcubine,1/1/0001 12:00:00 AM
Strong,Ashley,Flotonic,1/1/0001 12:00:00 AM
Dean,Mccall,Boilicon,1/1/0001 12:00:00 AM
Noel,Cotton,Earthpure,1/1/0001 12:00:00 AM
Cantrell,Hester,Irack,1/1/0001 12:00:00 AM
Hunter,Baker,Collaire,1/1/0001 12:00:00 AM
Davis,Chan,Futurize,1/1/0001 12:00:00 AM
Wall,Mccarty,Emoltra,1/1/0001 12:00:00 AM
Mullen,Victoria,Oronoko,1/1/0001 12:00:00 AM
Beach,Jo,Avit,1/1/0001 12:00:00 AM
Landry,Spencer,Quordate,1/1/0001 12:00:00 AM
Whitfield,Jocelyn,Geekfarm,1/1/0001 12:00:00 AM
Baxter,Lucas,Printspan,1/1/0001 12:00:00 AM
Mendoza,Holder,Comveyer,1/1/0001 12:00:00 AM
Mercado,Gillespie,Unq,1/1/0001 12:00:00 AM
Welch,Strickland,Biohab,1/1/0001 12:00:00 AM
Orr,Amelia,Prosure,1/1/0001 12:00:00 AM
Pace,Colleen,Zaggles,1/1/0001 12:00:00 AM
Barrett,Alexandria,Progenex,1/1/0001 12:00:00 AM
Webb,Kathleen,Medicroix,1/1/0001 12:00:00 AM
Holloway,Rice,Bedder,1/1/0001 12:00:00 AM
Zamora,Lori,Zboo,1/1/0001 12:00:00 AM
Davenport,Armstrong,Squish,1/1/0001 12:00:00 AM
Moses,Melendez,Bovis,1/1/0001 12:00:00 AM
Albert,Christa,Flexigen,1/1/0001 12:00:00 AM
Dawson,Tricia,Ontagene,1/1/0001 12:00:00 AM
Rowland,Robin,Zanilla,1/1/0001 12:00:00 AM
Hickman,Roth,Talae,1/1/0001 12:00:00 AM
Bender,Stephens,Isologix,1/1/0001 12:00:00 AM
Chapman,Marie,Artworlds,1/1/0001 12:00:00 AM
Case,Velez,Endicil,1/1/0001 12:00:00 AM
Frank,Hess,Tetratrex,1/1/0001 12:00:00 AM
Lamb,Kristi,Typhonica,1/1/0001 12:00:00 AM
Rhodes,Karen,Isodrive,1/1/0001 12:00:00 AM
Sandoval,Marjorie,Locazone,1/1/0001 12:00:00 AM
Combs,Katie,Mangelica,1/1/0001 12:00:00 AM
Herrera,Buckley,Maroptic,1/1/0001 12:00:00 AM
Acosta,Calderon,Dogspa,1/1/0001 12:00:00 AM
Everett,Jami,Zipak,1/1/0001 12:00:00 AM
Turner,Holman,Exosis,1/1/0001 12:00:00 AM
Stout,Elliott,Orbalix,1/1/0001 12:00:00 AM
Jacobs,Daniels,Pearlesex,1/1/0001 12:00:00 AM
Alford,Minnie,Neteria,1/1/0001 12:00:00 AM
Webster,Blevins,Zaphire,1/1/0001 12:00:00 AM
Kramer,Beth,Evidends,1/1/0001 12:00:00 AM
Garner,Lana,Cosmosis,1/1/0001 12:00:00 AM
Carroll,Lenora,Ronbert,1/1/0001 12:00:00 AM
Bates,Evangeline,Fortean,1/1/0001 12:00:00 AM
Rios,Oliver,Otherway,1/1/0001 12:00:00 AM
Barnett,Garrett,Besto,1/1/0001 12:00:00 AM
Wade,Penelope,Dyno,1/1/0001 12:00:00 AM
Patel,Ana,Incubus,1/1/0001 12:00:00 AM
Lopez,Gena,Obliq,1/1/0001 12:00:00 AM
Sellers,Gina,Isopop,1/1/0001 12:00:00 AM
Snider,Rhea,Comveyor,1/1/0001 12:00:00 AM
Mcintosh,Hatfield,Cogentry,1/1/0001 12:00:00 AM
Kerr,Maryann,Globoil,1/1/0001 12:00:00 AM
Harrison,Fay,Animalia,1/1/0001 12:00:00 AM
Wood,Cora,Isotronic,1/1/0001 12:00:00 AM
Bass,Sophia,Makingway,1/1/0001 12:00:00 AM
Guerrero,Marquez,Waretel,1/1/0001 12:00:00 AM
Cobb,Stone,Hivedom,1/1/0001 12:00:00 AM
Livingston,Nita,Equitax,1/1/0001 12:00:00 AM
Chandler,Megan,Fishland,1/1/0001 12:00:00 AM
Bean,Vicky,Melbacor,1/1/0001 12:00:00 AM
Pruitt,Clarke,Zomboid,1/1/0001 12:00:00 AM
Morales,Bowers,Quilch,1/1/0001 12:00:00 AM
Bailey,Sheri,Earthwax,1/1/0001 12:00:00 AM
Potter,Kristie,Qimonk,1/1/0001 12:00:00 AM
Irwin,Page,Terascape,1/1/0001 12:00:00 AM
Kemp,Fern,Zentry,1/1/0001 12:00:00 AM
Allison,Tanner,Softmicro,1/1/0001 12:00:00 AM
Holt,Bridgett,Farmage,1/1/0001 12:00:00 AM
Carrillo,Ferguson,Geekko,1/1/0001 12:00:00 AM
Velazquez,Elisabeth,Zoarere,1/1/0001 12:00:00 AM
Stuart,Lois,Omnigog,1/1/0001 12:00:00 AM
Collins,Miles,Zillan,1/1/0001 12:00:00 AM
Key,Valerie,Cubix,1/1/0001 12:00:00 AM
Robbins,Pruitt,Metroz,1/1/0001 12:00:00 AM
Bruce,Mcdaniel,Zillanet,1/1/0001 12:00:00 AM
Hanson,Gibbs,Extrawear,1/1/0001 12:00:00 AM
Branch,Tami,Everest,1/1/0001 12:00:00 AM
Goodman,Barrett,Pheast,1/1/0001 12:00:00 AM
Hicks,Ward,Ecosys,1/1/0001 12:00:00 AM
Carney,Mildred,Naxdis,1/1/0001 12:00:00 AM
Love,Jerri,Panzent,1/1/0001 12:00:00 AM
Witt,Shepherd,Mixers,1/1/0001 12:00:00 AM
Alexander,English,Enaut,1/1/0001 12:00:00 AM
Myers,Barbara,Quadeebo,1/1/0001 12:00:00 AM
Mosley,Durham,Zentime,1/1/0001 12:00:00 AM
Knight,Krista,Poochies,1/1/0001 12:00:00 AM
Hansen,Sherrie,Enersol,1/1/0001 12:00:00 AM
Camacho,Bettye,Biospan,1/1/0001 12:00:00 AM
Mccullough,Mcfadden,Comvene,1/1/0001 12:00:00 AM
Odom,Annette,Limage,1/1/0001 12:00:00 AM
Thornton,Brennan,Rodeomad,1/1/0001 12:00:00 AM
Wong,Dawson,Omatom,1/1/0001 12:00:00 AM
Guerra,Kathrine,Geekosis,1/1/0001 12:00:00 AM
Solomon,Bridget,Comvex,1/1/0001 12:00:00 AM
Chase,Lucille,Xinware,1/1/0001 12:00:00 AM
Hester,Rodriquez,Navir,1/1/0001 12:00:00 AM
Brady,Cabrera,Repetwire,1/1/0001 12:00:00 AM
Burch,Schultz,Chorizon,1/1/0001 12:00:00 AM
Hudson,Richmond,Brainquil,1/1/0001 12:00:00 AM
Mckay,Curtis,Minga,1/1/0001 12:00:00 AM
Zimmerman,Hansen,Optyk,1/1/0001 12:00:00 AM
Steele,Patton,Recrisys,1/1/0001 12:00:00 AM
Valdez,Tammi,Cemention,1/1/0001 12:00:00 AM
Lawson,Jenkins,Konnect,1/1/0001 12:00:00 AM
Wells,Macias,Exovent,1/1/0001 12:00:00 AM
Kennedy,Gracie,Orbean,1/1/0001 12:00:00 AM
Mccall,Camacho,Pathways,1/1/0001 12:00:00 AM
Nieves,Kathryn,Uxmox,1/1/0001 12:00:00 AM
Mcgowan,Jennie,Mobildata,1/1/0001 12:00:00 AM
Rice,Susie,Flumbo,1/1/0001 12:00:00 AM
Sims,Hamilton,Geekology,1/1/0001 12:00:00 AM
Nielsen,Josefa,Zinca,1/1/0001 12:00:00 AM
Lloyd,Rosemary,Joviold,1/1/0001 12:00:00 AM
Farmer,Nichole,Zillidium,1/1/0001 12:00:00 AM
Holcomb,Wall,Furnitech,1/1/0001 12:00:00 AM
Strickland,Justine,Ecratic,1/1/0001 12:00:00 AM
Powell,Marshall,Lunchpod,1/1/0001 12:00:00 AM
Diaz,Gertrude,Zentury,1/1/0001 12:00:00 AM
Carey,Anthony,Illumity,1/1/0001 12:00:00 AM
Ward,Harriet,Waab,1/1/0001 12:00:00 AM
Alston,Elvira,Furnafix,1/1/0001 12:00:00 AM
Romero,Murphy,Earwax,1/1/0001 12:00:00 AM
Cunningham,Jenifer,Polarium,1/1/0001 12:00:00 AM
Allen,Nanette,Spherix,1/1/0001 12:00:00 AM
Maddox,Hicks,Interodeo,1/1/0001 12:00:00 AM
Shepard,Lorena,Datagene,1/1/0001 12:00:00 AM
Weber,Small,Katakana,1/1/0001 12:00:00 AM
Donaldson,Bonita,Synkgen,1/1/0001 12:00:00 AM
Tran,Holt,Solaren,1/1/0001 12:00:00 AM
Mclean,Lenore,Uplinx,1/1/0001 12:00:00 AM
Malone,Cervantes,Sonique,1/1/0001 12:00:00 AM
Villarreal,Virginia,Comtent,1/1/0001 12:00:00 AM
Benjamin,Torres,Orbaxter,1/1/0001 12:00:00 AM
Anthony,Earline,Lunchpad,1/1/0001 12:00:00 AM
Estes,Estes,Quility,1/1/0001 12:00:00 AM
Spencer,Blanca,Jasper,1/1/0001 12:00:00 AM
Lambert,Dalton,Virva,1/1/0001 12:00:00 AM
Hardin,Essie,Signity,1/1/0001 12:00:00 AM
Waller,Stewart,Zenolux,1/1/0001 12:00:00 AM
Maynard,Janis,Sarasonic,1/1/0001 12:00:00 AM
Mendez,Ball,Vixo,1/1/0001 12:00:00 AM
Scott,Sue,Kengen,1/1/0001 12:00:00 AM
Campos,Charlotte,Zilencio,1/1/0001 12:00:00 AM
Blackburn,Sharp,Zaya,1/1/0001 12:00:00 AM
Goodwin,Patrica,Gleamink,1/1/0001 12:00:00 AM
Mccarthy,Rosie,Colaire,1/1/0001 12:00:00 AM
Conrad,Rosalyn,Elita,1/1/0001 12:00:00 AM
Vance,Bryan,Quiltigen,1/1/0001 12:00:00 AM
Briggs,Abigail,Gonkle,1/1/0001 12:00:00 AM
Crosby,Pearlie,Zogak,1/1/0001 12:00:00 AM
Kidd,Richards,Emtrac,1/1/0001 12:00:00 AM
Cook,Judith,Iplax,1/1/0001 12:00:00 AM
Sullivan,Workman,Assurity,1/1/0001 12:00:00 AM
Copeland,Katelyn,Cofine,1/1/0001 12:00:00 AM
Gonzalez,Carolyn,Optique,1/1/0001 12:00:00 AM
Marquez,Ortiz,Junipoor,1/1/0001 12:00:00 AM
Finley,Perez,Dreamia,1/1/0001 12:00:00 AM
Freeman,Janet,Decratex,1/1/0001 12:00:00 AM
Jones,Hawkins,Perkle,1/1/0001 12:00:00 AM
Soto,Jordan,Gology,1/1/0001 12:00:00 AM
Hood,Mckinney,Plasmosis,1/1/0001 12:00:00 AM
Nichols,Downs,Tourmania,1/1/0001 12:00:00 AM
Kirby,Tracy,Barkarama,1/1/0001 12:00:00 AM
Vinson,Britney,Immunics,1/1/0001 12:00:00 AM
Castaneda,Polly,Viagreat,1/1/0001 12:00:00 AM
Mcneil,Campos,Zizzle,1/1/0001 12:00:00 AM
Haley,Jimmie,Deviltoe,1/1/0001 12:00:00 AM
Griffith,Fleming,Exotechno,1/1/0001 12:00:00 AM
Rich,Brandie,Senmei,1/1/0001 12:00:00 AM
Lara,Maryellen,Flum,1/1/0001 12:00:00 AM
Alvarado,Milagros,Austech,1/1/0001 12:00:00 AM
Brown,Hampton,Amtap,1/1/0001 12:00:00 AM
Bird,Giles,Visalia,1/1/0001 12:00:00 AM
Gutierrez,Stuart,Norali,1/1/0001 12:00:00 AM
Shelton,Rita,Ramjob,1/1/0001 12:00:00 AM
Garza,Doreen,Egypto,1/1/0001 12:00:00 AM
Harris,Dillon,Namegen,1/1/0001 12:00:00 AM
Barron,Olga,Renovize,1/1/0001 12:00:00 AM
Fisher,Watts,Vortexaco,1/1/0001 12:00:00 AM
Schneider,Beverley,Luxuria,1/1/0001 12:00:00 AM
Macias,Schneider,Anixang,1/1/0001 12:00:00 AM
Huber,Newton,Quotezart,1/1/0001 12:00:00 AM
Baldwin,Brandi,Qot,1/1/0001 12:00:00 AM
Durham,Bowman,Shadease,1/1/0001 12:00:00 AM
Leon,Chelsea,Candecor,1/1/0001 12:00:00 AM
Ruiz,Mcfarland,Acumentor,1/1/0001 12:00:00 AM
Pierce,Bette,Gogol,1/1/0001 12:00:00 AM
Kelley,Janell,Xyqag,1/1/0001 12:00:00 AM
Rutledge,Louisa,Insuresys,1/1/0001 12:00:00 AM
Reeves,Lester,Knowlysis,1/1/0001 12:00:00 AM
Summers,Beatriz,Bleeko,1/1/0001 12:00:00 AM
Gilbert,Mcconnell,Talendula,1/1/0001 12:00:00 AM
Le,Justice,Isoternia,1/1/0001 12:00:00 AM
Yates,Barnett,Geeknet,1/1/0001 12:00:00 AM
Slater,Chandler,Crustatia,1/1/0001 12:00:00 AM
Shannon,Mays,Infotrips,1/1/0001 12:00:00 AM
Mccarty,Drake,Urbanshee,1/1/0001 12:00:00 AM
Boyle,Lesley,Gazak,1/1/0001 12:00:00 AM
Fischer,Jensen,Gadtron,1/1/0001 12:00:00 AM
Gates,Julie,Eplode,1/1/0001 12:00:00 AM
Sweet,Katheryn,Quantalia,1/1/0001 12:00:00 AM
Conner,Leila,Quizka,1/1/0001 12:00:00 AM
Mcmillan,Lopez,Indexia,1/1/0001 12:00:00 AM
Shaw,Sheryl,Zanymax,1/1/0001 12:00:00 AM
Avery,Charlene,Earthmark,1/1/0001 12:00:00 AM
Donovan,Angelia,Neocent,1/1/0001 12:00:00 AM
Daniel,Garcia,Escenta,1/1/0001 12:00:00 AM
Franco,Knapp,Pharmex,1/1/0001 12:00:00 AM
Luna,Beryl,Undertap,1/1/0001 12:00:00 AM
Fields,Chavez,Duoflex,1/1/0001 12:00:00 AM
Horton,Fuentes,Lovepad,1/1/0001 12:00:00 AM
Mcpherson,Hancock,Coriander,1/1/0001 12:00:00 AM
Arnold,Ingram,Gorganic,1/1/0001 12:00:00 AM
Barton,Elba,Satiance,1/1/0001 12:00:00 AM
Wise,Huffman,Shopabout,1/1/0001 12:00:00 AM
Boyd,Hollie,Kenegy,1/1/0001 12:00:00 AM
Charles,Mckay,Datacator,1/1/0001 12:00:00 AM
Glass,Heath,Isosphere,1/1/0001 12:00:00 AM
Fernandez,Hooper,Centuria,1/1/0001 12:00:00 AM
Mann,Vang,Rotodyne,1/1/0001 12:00:00 AM
Sykes,Thelma,Techade,1/1/0001 12:00:00 AM
Colon,Maude,Comfirm,1/1/0001 12:00:00 AM
Roach,Amalia,Interloo,1/1/0001 12:00:00 AM
Park,Isabella,Ecstasia,1/1/0001 12:00:00 AM
Bray,Avery,Zorromop,1/1/0001 12:00:00 AM
Whitley,Dorsey,Injoy,1/1/0001 12:00:00 AM
Snyder,Priscilla,Neurocell,1/1/0001 12:00:00 AM
Gilliam,Jackson,Elpro,1/1/0001 12:00:00 AM
Brock,Pollard,Chillium,1/1/0001 12:00:00 AM
Pope,Agnes,Motovate,1/1/0001 12:00:00 AM
Gibson,Melody,Buzzworks,1/1/0001 12:00:00 AM
Haney,Burch,Mitroc,1/1/0001 12:00:00 AM
Duncan,Franklin,Olympix,1/1/0001 12:00:00 AM
Shields,Sawyer,Endipin,1/1/0001 12:00:00 AM
Downs,Darla,Oulu,1/1/0001 12:00:00 AM
Ayala,Ruiz,Netility,1/1/0001 12:00:00 AM
Burton,Olson,Maxemia,1/1/0001 12:00:00 AM
Foreman,Herman,Digiprint,1/1/0001 12:00:00 AM
King,Julia,Callflex,1/1/0001 12:00:00 AM
Sharp,Mcclure,Quinex,1/1/0001 12:00:00 AM
Oliver,Lesa,Entropix,1/1/0001 12:00:00 AM
James,Martin,Fleetmix,1/1/0001 12:00:00 AM
Richardson,Rutledge,Slumberia,1/1/0001 12:00:00 AM
Alvarez,Brown,Exospace,1/1/0001 12:00:00 AM
Hodge,Ingrid,Recognia,1/1/0001 12:00:00 AM
Jackson,Donna,Opportech,1/1/0001 12:00:00 AM
Michael,Melinda,Zilphur,1/1/0001 12:00:00 AM
Richmond,Willa,Letpro,1/1/0001 12:00:00 AM
Cervantes,Steele,Netplax,1/1/0001 12:00:00 AM
Gay,Mann,Qiao,1/1/0001 12:00:00 AM
Lowe,Malinda,Netbook,1/1/0001 12:00:00 AM
Buchanan,Annmarie,Zensure,1/1/0001 12:00:00 AM
Hooper,Copeland,Comverges,1/1/0001 12:00:00 AM
Bond,Wolfe,Uniworld,1/1/0001 12:00:00 AM
Brennan,Frederick,Veraq,1/1/0001 12:00:00 AM
Buckley,Oneil,Genesynk,1/1/0001 12:00:00 AM
House,Guthrie,Marvane,1/1/0001 12:00:00 AM
Berry,Neal,Grupoli,1/1/0001 12:00:00 AM
Justice,Marcia,Telpod,1/1/0001 12:00:00 AM
Gould,Ray,Comvoy,1/1/0001 12:00:00 AM
Joyner,Cleo,Zytrac,1/1/0001 12:00:00 AM
Bradley,Perry,Manglo,1/1/0001 12:00:00 AM
Mejia,Deirdre,Marketoid,1/1/0001 12:00:00 AM
Mcdonald,Baxter,Eschoir,1/1/0001 12:00:00 AM
Pratt,Haney,Magneato,1/1/0001 12:00:00 AM
Gill,Nettie,Viagrand,1/1/0001 12:00:00 AM
Guzman,Dianna,Steeltab,1/1/0001 12:00:00 AM
Wolfe,Parker,Zytrex,1/1/0001 12:00:00 AM
Ratliff,Scott,Tetak,1/1/0001 12:00:00 AM
Hamilton,Adeline,Vertide,1/1/0001 12:00:00 AM
Newman,Knight,Fangold,1/1/0001 12:00:00 AM
Salas,Cannon,Talkola,1/1/0001 12:00:00 AM
Duke,Logan,Yogasm,1/1/0001 12:00:00 AM
Barry,Nelson,Autograte,1/1/0001 12:00:00 AM
Talley,Mayra,Macronaut,1/1/0001 12:00:00 AM
Duffy,Keith,Adornica,1/1/0001 12:00:00 AM
Decker,Rowland,Daycore,1/1/0001 12:00:00 AM
Nolan,Kara,Springbee,1/1/0001 12:00:00 AM
Horne,Kemp,Zosis,1/1/0001 12:00:00 AM
Mcclure,Emilia,Nurali,1/1/0001 12:00:00 AM
Obrien,Jeannine,Kegular,1/1/0001 12:00:00 AM
Ballard,Trina,Enjola,1/1/0001 12:00:00 AM
Pena,Norris,Isoswitch,1/1/0001 12:00:00 AM
Roy,Kirkland,Multiflex,1/1/0001 12:00:00 AM
Fleming,Elena,Amtas,1/1/0001 12:00:00 AM
Levy,Langley,Blurrybus,1/1/0001 12:00:00 AM
Howe,Margret,Talkalot,1/1/0001 12:00:00 AM
Silva,Robles,Homelux,1/1/0001 12:00:00 AM
Workman,Castillo,Savvy,1/1/0001 12:00:00 AM
Gonzales,Velasquez,Ziggles,1/1/0001 12:00:00 AM
Mcgee,Hebert,Ewaves,1/1/0001 12:00:00 AM
Cummings,Newman,Nitracyr,1/1/0001 12:00:00 AM
Tucker,Tonya,Namebox,1/1/0001 12:00:00 AM
Holmes,Bridgette,Exoplode,1/1/0001 12:00:00 AM
Andrews,Roy,Portalis,1/1/0001 12:00:00 AM
Gamble,Cheryl,Grok,1/1/0001 12:00:00 AM
Martin,Sears,Cedward,1/1/0001 12:00:00 AM
Hinton,Jacqueline,Tubesys,1/1/0001 12:00:00 AM
Bryant,Marsh,Buzzopia,1/1/0001 12:00:00 AM
Stark,Moon,Conjurica,1/1/0001 12:00:00 AM
Hughes,Jennings,Enquility,1/1/0001 12:00:00 AM
Morse,Burks,Bitendrex,1/1/0001 12:00:00 AM
Nunez,Dickerson,Imageflow,1/1/0001 12:00:00 AM
Rosa,Lacey,Euron,1/1/0001 12:00:00 AM
Lester,Winters,Dancity,1/1/0001 12:00:00 AM
Blankenship,Jill,Ontality,1/1/0001 12:00:00 AM
Rodgers,Kendra,Insurety,1/1/0001 12:00:00 AM
Reyes,Walker,Zensor,1/1/0001 12:00:00 AM
Monroe,Mack,Hinway,1/1/0001 12:00:00 AM
Hahn,Mcknight,Opticall,1/1/0001 12:00:00 AM
Roth,Elisa,Extragene,1/1/0001 12:00:00 AM
Frazier,Maritza,Hotcakes,1/1/0001 12:00:00 AM
Gibbs,Louella,Digique,1/1/0001 12:00:00 AM
Garcia,Townsend,Protodyne,1/1/0001 12:00:00 AM
Atkinson,Katherine,Aquacine,1/1/0001 12:00:00 AM
Lee,Cooke,Polaria,1/1/0001 12:00:00 AM
York,Eleanor,Fanfare,1/1/0001 12:00:00 AM
Vang,Anita,Biolive,1/1/0001 12:00:00 AM
Vazquez,Roberts,Zaggle,1/1/0001 12:00:00 AM
Hebert,Hickman,Housedown,1/1/0001 12:00:00 AM
Benson,Luella,Combogen,1/1/0001 12:00:00 AM
Vaughan,Elsie,Soprano,1/1/0001 12:00:00 AM
Howard,Earnestine,Comtrek,1/1/0001 12:00:00 AM
Hull,Terry,Rockyard,1/1/0001 12:00:00 AM
Dale,Twila,Lyria,1/1/0001 12:00:00 AM
Bennett,Jacobson,Uni,1/1/0001 12:00:00 AM
Tyler,Terrell,Dogtown,1/1/0001 12:00:00 AM
Bridges,Moran,Accusage,1/1/0001 12:00:00 AM
Russell,Sheila,Remold,1/1/0001 12:00:00 AM
Gallegos,Miller,Baluba,1/1/0001 12:00:00 AM
Spence,Acosta,Geeketron,1/1/0001 12:00:00 AM
Langley,Mcintyre,Eventage,1/1/0001 12:00:00 AM
Walter,Lancaster,Jimbies,1/1/0001 12:00:00 AM
Battle,Rae,Volax,1/1/0001 12:00:00 AM
Acevedo,Dolly,Nipaz,1/1/0001 12:00:00 AM
Cole,Santos,Golistic,1/1/0001 12:00:00 AM
Rosario,Allyson,Nspire,1/1/0001 12:00:00 AM
Fox,Ayers,Cipromox,1/1/0001 12:00:00 AM
Solis,Lynn,Zerology,1/1/0001 12:00:00 AM
Levine,Hoffman,Medifax,1/1/0001 12:00:00 AM
Walker,Perkins,Microluxe,1/1/0001 12:00:00 AM
Whitehead,Herminia,Pasturia,1/1/0001 12:00:00 AM
Russo,Leanna,Grainspot,1/1/0001 12:00:00 AM
Clarke,Villarreal,Tersanki,1/1/0001 12:00:00 AM
Blevins,Hodges,Pyramax,1/1/0001 12:00:00 AM
Sexton,Kirk,Quailcom,1/1/0001 12:00:00 AM
Harrell,Sanchez,Biflex,1/1/0001 12:00:00 AM
Hancock,Clarissa,Centice,1/1/0001 12:00:00 AM
Todd,Loretta,Eplosion,1/1/0001 12:00:00 AM
Huffman,Brenda,Magnemo,1/1/0001 12:00:00 AM
Ashley,Minerva,Honotron,1/1/0001 12:00:00 AM
Randall,Carmela,Ersum,1/1/0001 12:00:00 AM
Sparks,Faulkner,Retrotex,1/1/0001 12:00:00 AM
Tate,Magdalena,Strezzo,1/1/0001 12:00:00 AM
Bauer,Calhoun,Vidto,1/1/0001 12:00:00 AM
Vincent,Latoya,Zentia,1/1/0001 12:00:00 AM
Hernandez,Carmella,Tripsch,1/1/0001 12:00:00 AM
Pitts,Grimes,Comtrail,1/1/0001 12:00:00 AM
Gillespie,Molina,Voipa,1/1/0001 12:00:00 AM
Rodriguez,Tamika,Inventure,1/1/0001 12:00:00 AM
Bryan,Cobb,Orbin,1/1/0001 12:00:00 AM
Kent,Meagan,Ezentia,1/1/0001 12:00:00 AM
Roberts,Angelita,Geeky,1/1/0001 12:00:00 AM
Wilkinson,Soto,Sequitur,1/1/0001 12:00:00 AM
Chambers,Lou,Zyple,1/1/0001 12:00:00 AM
Ferrell,Florence,Zytrek,1/1/0001 12:00:00 AM
Richard,Frank,Comtest,1/1/0001 12:00:00 AM
Schwartz,Berger,Buzzness,1/1/0001 12:00:00 AM
Hunt,Delores,Spacewax,1/1/0001 12:00:00 AM
Barnes,Marguerite,Xumonk,1/1/0001 12:00:00 AM
Rogers,Tasha,Nikuda,1/1/0001 12:00:00 AM
Little,Gay,Digifad,1/1/0001 12:00:00 AM
Noble,Gilmore,Centrexin,1/1/0001 12:00:00 AM
Clayton,Lang,Andershun,1/1/0001 12:00:00 AM
Cain,Montoya,Tribalog,1/1/0001 12:00:00 AM
Mullins,Simone,Comstruct,1/1/0001 12:00:00 AM